episode,reward,step_reward_sum,value_loss,mean_advantage,loss,selected_count,best_reward
1,50.15881929735657,50.15881929735657,928.5833740234375,26.318777084350586,2305.028564453125,10,50.15881929735657
2,38.31307114937846,38.31307114937846,452.77362060546875,17.658798217773438,1462.6298828125,10,50.15881929735657
3,37.635466862337374,37.635466862337374,371.79827880859375,16.363876342773438,1324.4205322265625,10,50.15881929735657
4,62.46799403889613,62.46799403889613,1354.4620361328125,32.924339294433594,2964.73876953125,10,62.46799403889613
5,46.87164346628415,46.87164346628415,658.3822021484375,19.396411895751953,1683.4710693359375,10,62.46799403889613
6,39.180653238543655,39.180653238543655,289.5711669921875,12.84729290008545,1039.32080078125,10,62.46799403889613
7,52.984343550290646,52.984343550290646,638.59521484375,21.053050994873047,1790.6390380859375,10,62.46799403889613
8,35.51733730096533,35.51733730096533,298.67669677734375,12.004262924194336,988.1027221679688,10,62.46799403889613
9,43.496635973608775,43.496635973608775,360.9160461425781,14.967630386352539,1216.536865234375,10,62.46799403889613
10,53.31435606313154,53.31435606313154,692.1174926757812,21.86444091796875,1868.0880126953125,10,62.46799403889613
11,24.070369724606934,24.070369724606934,241.483642578125,15.258096694946289,1187.7093505859375,10,62.46799403889613
12,72.36657224799315,72.36657224799315,1756.19921875,39.66209411621094,3613.626953125,10,72.36657224799315
13,46.00506497879923,46.00506497879923,471.901611328125,17.667797088623047,1449.5069580078125,10,72.36657224799315
14,33.3785285472413,33.3785285472413,350.6561584472656,15.004313468933105,1225.7945556640625,10,72.36657224799315
15,20.627968289532635,20.627968289532635,123.93121337890625,9.147481918334961,703.3655395507812,10,72.36657224799315
16,44.57740300427589,44.57740300427589,514.3295288085938,18.168222427368164,1519.1160888671875,10,72.36657224799315
17,66.102780863362,66.102780863362,965.419921875,25.992603302001953,2271.220458984375,10,72.36657224799315
18,52.013747782935695,52.013747782935695,414.650390625,14.100642204284668,1191.50732421875,10,72.36657224799315
19,67.2674954674292,67.2674954674292,1141.49951171875,25.38357162475586,2343.13720703125,10,72.36657224799315
20,36.20255155689757,36.20255155689757,240.5164794921875,12.585535049438477,999.7805786132812,10,72.36657224799315
21,54.07232846358705,54.07232846358705,583.4469604492188,16.184329986572266,1423.763916015625,10,72.36657224799315
22,48.34418324819529,48.34418324819529,390.9198913574219,14.692502975463867,1220.0377197265625,10,72.36657224799315
23,44.35735547548845,44.35735547548845,347.70489501953125,16.25949478149414,1311.1226806640625,10,72.36657224799315
24,52.02586110977684,52.02586110977684,983.1397705078125,28.37203598022461,2481.447998046875,10,72.36657224799315
25,41.51941025074301,41.51941025074301,208.3145751953125,9.943880081176758,786.9443359375,10,72.36657224799315
26,47.77055901295927,47.77055901295927,474.88946533203125,18.443771362304688,1508.09130859375,10,72.36657224799315
27,42.10575571202208,42.10575571202208,261.36553955078125,10.256837844848633,844.155029296875,10,72.36657224799315
28,74.45193619591706,74.45193619591706,1644.5316162109375,34.151302337646484,3186.253662109375,10,74.45193619591706
29,43.75870891897593,43.75870891897593,583.6842041015625,22.319263458251953,1843.97119140625,10,74.45193619591706
30,48.76640450776347,48.76640450776347,425.11602783203125,13.541519165039062,1154.9144287109375,10,74.45193619591706
31,74.45740807511119,74.45740807511119,1986.19921875,43.51272964477539,3980.008544921875,10,74.45740807511119
32,55.61622969137949,55.61622969137949,466.1819763183594,15.766863822937012,1312.1082763671875,10,74.45740807511119
33,51.29265715012408,51.29265715012408,530.8553466796875,17.01140022277832,1452.220458984375,10,74.45740807511119
34,42.75363314589097,42.75363314589097,347.38983154296875,15.253387451171875,1232.129638671875,10,74.45740807511119
35,47.47432665225268,47.47432665225268,527.0822143554688,18.03586769104004,1526.1885986328125,10,74.45740807511119
36,46.46540089847324,46.46540089847324,292.2948913574219,10.713220596313477,895.092529296875,10,74.45740807511119
37,54.86942194138999,54.86942194138999,630.621337890625,17.50030517578125,1510.068359375,10,74.45740807511119
38,51.70631912764476,51.70631912764476,355.94183349609375,14.102749824523926,1151.4302978515625,10,74.45740807511119
39,50.0586237135507,50.0586237135507,521.4566650390625,21.05938720703125,1687.7457275390625,10,74.45740807511119
40,40.761388190676364,40.761388190676364,275.0136413574219,8.775872230529785,751.488525390625,10,74.45740807511119
41,94.68943829812542,94.68943829812542,2682.1298828125,46.987979888916016,4533.759765625,10,94.68943829812542
42,55.01455722165443,55.01455722165443,507.9110412597656,15.69947624206543,1351.7252197265625,10,94.68943829812542
43,38.41340671126199,38.41340671126199,159.26260375976562,6.831265926361084,545.9290771484375,10,94.68943829812542
44,68.28492961676196,68.28492961676196,1142.4830322265625,29.435836791992188,2565.023193359375,10,94.68943829812542
45,44.19443050986196,44.19443050986196,443.1806640625,16.878610610961914,1403.71484375,10,94.68943829812542
46,70.83196770136497,70.83196770136497,1542.388671875,37.47267150878906,3277.5078125,10,94.68943829812542
47,50.076482548854685,50.076482548854685,495.56817626953125,21.0109806060791,1681.7952880859375,10,94.68943829812542
48,92.3222504075191,92.3222504075191,2133.15625,41.28742218017578,3850.07373046875,10,94.68943829812542
49,55.16494801026736,55.16494801026736,615.2477416992188,19.879152297973633,1651.999267578125,10,94.68943829812542
50,42.593855331858485,42.593855331858485,382.0120544433594,16.63516616821289,1336.714111328125,10,94.68943829812542
51,93.27472898043081,93.27472898043081,2307.3857421875,40.42071533203125,3868.36669921875,10,94.68943829812542
52,55.92240068759754,55.92240068759754,788.6895141601562,20.877107620239258,1842.369140625,10,94.68943829812542
53,65.4151627727518,65.4151627727518,888.2903442382812,21.363718032836914,1884.2413330078125,10,94.68943829812542
54,51.973857360772726,51.973857360772726,717.54931640625,20.759122848510742,1823.3155517578125,10,94.68943829812542
55,84.80258807021296,84.80258807021296,1818.834716796875,40.94566345214844,3561.781982421875,10,94.68943829812542
56,33.052858769630724,33.052858769630724,291.0769958496094,15.102666854858398,1225.5667724609375,10,94.68943829812542
57,45.362310012890234,45.362310012890234,352.80145263671875,13.096488952636719,1073.339111328125,10,94.68943829812542
58,90.08780703141815,90.08780703141815,2409.591796875,44.71479415893555,4221.1923828125,10,94.68943829812542
59,78.186552239126,78.186552239126,1644.078369140625,29.744098663330078,2831.256103515625,10,94.68943829812542
60,70.90183868682806,70.90183868682806,1326.629150390625,33.5601692199707,2870.026611328125,10,94.68943829812542
61,99.07695121763298,99.07695121763298,2417.0107421875,44.825233459472656,4051.71337890625,10,99.07695121763298
62,54.63673603855693,54.63673603855693,537.72216796875,15.2594575881958,1283.23779296875,10,99.07695121763298
63,54.70072513786406,54.70072513786406,747.4240112304688,18.83938980102539,1660.5628662109375,10,99.07695121763298
64,51.60515966439919,51.60515966439919,398.85968017578125,15.74476146697998,1243.814697265625,10,99.07695121763298
65,98.06394333121345,98.06394333121345,2590.40576171875,45.321800231933594,4127.9345703125,10,99.07695121763298
66,67.15789935993145,67.15789935993145,823.728515625,21.138282775878906,1808.8470458984375,10,99.07695121763298
67,41.37658616408986,41.37658616408986,307.5746765136719,12.685896873474121,1067.53076171875,10,99.07695121763298
68,55.474189884096305,55.474189884096305,461.44537353515625,15.971481323242188,1325.235107421875,10,99.07695121763298
69,87.3209531828045,87.3209531828045,2554.93701171875,43.72048568725586,4061.667724609375,10,99.07695121763298
70,93.69008186845683,93.69008186845683,1896.859130859375,34.07438278198242,3102.0986328125,10,99.07695121763298
71,61.6362398404693,61.6362398404693,628.2164916992188,21.68581771850586,1773.5992431640625,10,99.07695121763298
72,77.22446089849086,77.22446089849086,1530.397216796875,29.913782119750977,2793.880126953125,10,99.07695121763298
73,88.0020324957815,88.0020324957815,1668.6943359375,31.085376739501953,2767.5625,10,99.07695121763298
74,97.66249403493649,97.66249403493649,2729.77294921875,42.60578155517578,4265.70556640625,10,99.07695121763298
75,55.378031547538534,55.378031547538534,762.9016723632812,22.24924087524414,1970.7493896484375,10,99.07695121763298
76,65.8768688632146,65.8768688632146,803.7447509765625,24.717124938964844,1978.060302734375,10,99.07695121763298
77,95.43384196446127,95.43384196446127,2513.89599609375,40.10042953491211,3892.7265625,10,99.07695121763298
78,67.30996338362776,67.30996338362776,569.1522216796875,13.620866775512695,1182.1309814453125,10,99.07695121763298
79,70.01154147819726,70.01154147819726,1017.48974609375,19.604724884033203,1752.1805419921875,10,99.07695121763298
80,105.11941901361237,105.11941901361237,2363.30419921875,38.486122131347656,3480.541015625,10,105.11941901361237
81,67.95588505987385,67.95588505987385,789.739013671875,20.020103454589844,1697.6820068359375,10,105.11941901361237
82,73.55008368232164,73.55008368232164,1066.0335693359375,26.23275375366211,2250.325927734375,10,105.11941901361237
83,93.35009024897457,93.35009024897457,1298.757568359375,22.119476318359375,2054.38134765625,10,105.11941901361237
84,104.36649927390526,104.36649927390526,2300.780029296875,35.84308624267578,3363.220458984375,10,105.11941901361237
85,105.64044590526689,105.64044590526689,2421.52490234375,42.367332458496094,3962.325927734375,10,105.64044590526689
86,100.3499478654035,100.3499478654035,2297.93798828125,41.93402862548828,3718.197998046875,10,105.64044590526689
87,86.23250858857814,86.23250858857814,1055.7266845703125,26.513784408569336,2230.232177734375,10,105.64044590526689
88,71.74246791285545,71.74246791285545,895.2451171875,15.08686351776123,1404.0291748046875,10,105.64044590526689
89,97.37752192585474,97.37752192585474,1942.4251708984375,32.74543762207031,3064.731201171875,10,105.64044590526689
90,92.16925168023934,92.16925168023934,1716.0640869140625,38.514495849609375,3213.18310546875,10,105.64044590526689
91,97.8188870913053,97.8188870913053,2029.1715087890625,31.0977840423584,3038.967041015625,10,105.64044590526689
92,97.77291646727302,97.77291646727302,1579.141845703125,33.687828063964844,2855.58056640625,10,105.64044590526689
93,98.89963614065526,98.89963614065526,1853.453125,35.57323455810547,3076.981201171875,10,105.64044590526689
94,100.05609532819544,100.05609532819544,1793.047119140625,30.124847412109375,2780.596923828125,10,105.64044590526689
95,97.38790348936902,97.38790348936902,1919.7822265625,36.76277160644531,3261.73681640625,10,105.64044590526689
96,104.94181135146047,104.94181135146047,2040.2802734375,38.105628967285156,3443.767578125,10,105.64044590526689
97,104.36513197023221,104.36513197023221,2225.8017578125,29.8680477142334,2958.09130859375,10,105.64044590526689
98,101.82047153876384,101.82047153876384,1698.620361328125,27.98297119140625,2557.36767578125,10,105.64044590526689
99,105.9128505388103,105.9128505388103,2312.950439453125,36.66249465942383,3386.717041015625,10,105.9128505388103
100,99.79508992085537,99.79508992085537,1444.4305419921875,22.945934295654297,2201.720458984375,10,105.9128505388103
101,97.54572963092953,97.54572963092953,2112.447021484375,34.38709259033203,3155.78955078125,10,105.9128505388103
102,101.94269806876245,101.94269806876245,1781.9779052734375,29.211727142333984,2655.774658203125,10,105.9128505388103
103,97.3385944644273,97.3385944644273,1952.9840087890625,31.227176666259766,2886.26953125,10,105.9128505388103
104,103.15501990741531,103.15501990741531,2131.8251953125,35.5443115234375,3263.04931640625,10,105.9128505388103
105,94.64752333650802,94.64752333650802,1280.2711181640625,23.228456497192383,2076.09521484375,10,105.9128505388103
106,94.29748294498279,94.29748294498279,1392.0284423828125,25.035131454467773,2197.315185546875,10,105.9128505388103
107,100.2070273150199,100.2070273150199,1605.07177734375,23.367504119873047,2241.815185546875,10,105.9128505388103
108,102.61775642695527,102.61775642695527,2277.408935546875,31.620838165283203,3141.66259765625,10,105.9128505388103
109,73.05216894870372,73.05216894870372,729.6808471679688,12.486703872680664,1218.998046875,10,105.9128505388103
110,102.36953723193045,102.36953723193045,2101.29931640625,23.80777359008789,2636.51220703125,10,105.9128505388103
111,94.02561312093746,94.02561312093746,1389.7701416015625,21.21465492248535,1976.2333984375,10,105.9128505388103
112,98.03689989728419,98.03689989728419,1273.47412109375,24.777185440063477,2268.610595703125,10,105.9128505388103
113,58.445722487996214,58.445722487996214,224.95553588867188,5.8987836837768555,541.5875854492188,10,105.9128505388103
114,102.4810137281536,102.4810137281536,1415.46923828125,17.572229385375977,1818.61767578125,10,105.9128505388103
115,97.02292418195697,97.02292418195697,1358.8875732421875,20.60987663269043,1997.225341796875,10,105.9128505388103
116,101.86824544814336,101.86824544814336,1563.6561279296875,21.03209114074707,2058.52197265625,10,105.9128505388103
117,92.10427655431207,92.10427655431207,1068.4923095703125,15.804986953735352,1344.5006103515625,10,105.9128505388103
118,100.18710463080687,100.18710463080687,1422.7271728515625,14.591623306274414,1606.799560546875,10,105.9128505388103
119,100.05282669630148,100.05282669630148,1774.828125,20.07028579711914,2425.14990234375,10,105.9128505388103
120,101.31098939295757,101.31098939295757,1216.779541015625,12.279534339904785,1454.1328125,10,105.9128505388103
121,97.8243653634266,97.8243653634266,998.05615234375,25.121376037597656,2064.99169921875,10,105.9128505388103
122,92.35452927010567,92.35452927010567,1185.3699951171875,18.117786407470703,1687.3719482421875,10,105.9128505388103
123,100.66192983993174,100.66192983993174,1674.378662109375,13.073628425598145,1638.5926513671875,10,105.9128505388103
124,100.76401790539025,100.76401790539025,926.3259887695312,15.476631164550781,1388.251953125,10,105.9128505388103
125,94.34452882798092,94.34452882798092,1321.828857421875,20.042766571044922,1831.487548828125,10,105.9128505388103
126,91.98391718637117,91.98391718637117,1271.6356201171875,13.986063957214355,1498.28564453125,10,105.9128505388103
127,87.30418933399254,87.30418933399254,782.9769897460938,15.60663890838623,1253.911865234375,10,105.9128505388103
128,99.62558687148383,99.62558687148383,1097.03759765625,15.0939359664917,1365.1405029296875,10,105.9128505388103
129,100.76536754284015,100.76536754284015,1422.8135986328125,11.902271270751953,1369.877197265625,10,105.9128505388103
130,96.32015312640954,96.32015312640954,1515.7291259765625,8.69132137298584,1157.9053955078125,10,105.9128505388103
131,90.70612892513209,90.70612892513209,1143.111328125,14.963552474975586,1545.279296875,10,105.9128505388103
132,94.57036359387456,94.57036359387456,1189.86767578125,5.03090238571167,824.6788940429688,10,105.9128505388103
133,88.24665860530888,88.24665860530888,1030.2415771484375,9.513282775878906,1100.9578857421875,10,105.9128505388103
134,90.6270920103812,90.6270920103812,1086.619140625,12.060555458068848,1266.6826171875,10,105.9128505388103
135,90.79209286421525,90.79209286421525,998.8485107421875,8.28227424621582,885.1481323242188,10,105.9128505388103
136,95.1686145551563,95.1686145551563,1477.44384765625,9.176177024841309,1125.7479248046875,10,105.9128505388103
137,100.17120183931439,100.17120183931439,1102.88916015625,10.739693641662598,1096.8272705078125,10,105.9128505388103
138,100.82411434780212,100.82411434780212,906.1881103515625,15.472898483276367,1359.1888427734375,10,105.9128505388103
139,97.32594234264045,97.32594234264045,1322.281494140625,13.979252815246582,1452.74658203125,10,105.9128505388103
140,98.5960886325683,98.5960886325683,1164.714111328125,11.882425308227539,1262.17578125,10,105.9128505388103
141,103.28330409882159,103.28330409882159,1120.0391845703125,10.376455307006836,1157.9952392578125,10,105.9128505388103
142,99.09300873009951,99.09300873009951,1135.346435546875,18.351831436157227,1719.3836669921875,10,105.9128505388103
143,97.39702271620742,97.39702271620742,898.2464599609375,14.233258247375488,1261.4019775390625,10,105.9128505388103
144,94.57694078474509,94.57694078474509,856.3952026367188,16.55828094482422,1561.0509033203125,10,105.9128505388103
145,100.2270383763926,100.2270383763926,1476.4619140625,18.542369842529297,1834.8265380859375,10,105.9128505388103
146,99.12372305501532,99.12372305501532,1089.714111328125,7.115958213806152,832.81103515625,10,105.9128505388103
147,91.20598854602011,91.20598854602011,1321.2200927734375,3.7345314025878906,598.9103393554688,10,105.9128505388103
148,101.24374628013626,101.24374628013626,1284.38525390625,21.945205688476562,2043.4949951171875,10,105.9128505388103
149,93.64486408829046,93.64486408829046,850.6754760742188,13.289703369140625,1140.1173095703125,10,105.9128505388103
150,104.19982496153645,104.19982496153645,1392.74365234375,2.5939533710479736,865.39306640625,10,105.9128505388103
151,94.94855896111204,94.94855896111204,864.54638671875,9.699058532714844,1040.1885986328125,10,105.9128505388103
152,103.8889291364802,103.8889291364802,1153.3966064453125,14.091039657592773,1286.3812255859375,10,105.9128505388103
153,105.46036584455099,105.46036584455099,1274.2745361328125,13.937016487121582,1535.5615234375,10,105.9128505388103
154,105.25847368607522,105.25847368607522,1465.5283203125,13.219963073730469,1435.1380615234375,10,105.9128505388103
155,101.24035479730237,101.24035479730237,1385.3763427734375,7.130921840667725,1131.9322509765625,10,105.9128505388103
156,106.05472125025197,106.05472125025197,1090.232666015625,13.911130905151367,1385.0263671875,10,106.05472125025197
157,97.43655098602262,97.43655098602262,933.5491333007812,11.34406852722168,1121.88720703125,10,106.05472125025197
158,96.67258711730872,96.67258711730872,962.4215087890625,8.941705703735352,1034.1431884765625,10,106.05472125025197
159,106.17232779423536,106.17232779423536,1118.4935302734375,9.486153602600098,942.9436645507812,10,106.17232779423536
160,102.12621712813078,102.12621712813078,1239.9710693359375,16.273616790771484,1544.15771484375,10,106.17232779423536
161,100.28822040555552,100.28822040555552,1045.343994140625,9.636677742004395,1087.3072509765625,10,106.17232779423536
162,102.94194370095515,102.94194370095515,857.6070556640625,18.75530433654785,1579.643798828125,10,106.17232779423536
163,102.79079016442238,102.79079016442238,1583.907958984375,8.396194458007812,1378.9046630859375,10,106.17232779423536
164,99.38305168885833,99.38305168885833,1224.799072265625,11.601462364196777,1173.436767578125,10,106.17232779423536
165,100.96312851645118,100.96312851645118,1288.871826171875,-0.28776779770851135,734.47021484375,10,106.17232779423536
166,99.85693402220501,99.85693402220501,1073.185302734375,1.7052109241485596,584.885009765625,10,106.17232779423536
167,92.48959848763312,92.48959848763312,768.3150634765625,9.9760160446167,922.3265991210938,10,106.17232779423536
168,96.56400863866268,96.56400863866268,692.9254760742188,11.852574348449707,1019.2724609375,10,106.17232779423536
169,97.21334468079384,97.21334468079384,846.3826293945312,15.147809982299805,1293.1727294921875,10,106.17232779423536
170,105.06931760157993,105.06931760157993,1323.849609375,7.102091312408447,1018.5982055664062,10,106.17232779423536
171,101.47584576969211,101.47584576969211,1258.65576171875,17.371137619018555,1631.88427734375,10,106.17232779423536
172,97.46535258608189,97.46535258608189,681.00732421875,10.042251586914062,866.4610595703125,10,106.17232779423536
173,101.4179663150452,101.4179663150452,965.1668090820312,6.5904669761657715,851.6927490234375,10,106.17232779423536
174,97.8325585233573,97.8325585233573,1023.6560668945312,15.920069694519043,1469.820068359375,10,106.17232779423536
175,99.2542139425921,99.2542139425921,1291.7076416015625,1.0668983459472656,764.7433471679688,10,106.17232779423536
176,93.81248427263414,93.81248427263414,997.6741943359375,6.4209885597229,689.9248046875,10,106.17232779423536
177,97.08062034897074,97.08062034897074,987.6612548828125,4.163820743560791,575.5252685546875,10,106.17232779423536
178,97.42244092470729,97.42244092470729,997.3096923828125,3.4935288429260254,603.2124633789062,10,106.17232779423536
179,103.24543243590968,103.24543243590968,1076.093505859375,12.49154281616211,1300.4376220703125,10,106.17232779423536
180,102.03847523101511,102.03847523101511,868.833984375,11.862956047058105,1127.661376953125,10,106.17232779423536
181,104.11626660409387,104.11626660409387,1028.113037109375,6.214900016784668,855.5770874023438,10,106.17232779423536
182,99.70007617293871,99.70007617293871,983.6583862304688,9.133798599243164,1018.5320434570312,10,106.17232779423536
183,98.11013802760247,98.11013802760247,946.1301879882812,2.949380397796631,633.5418090820312,10,106.17232779423536
184,96.63216720728566,96.63216720728566,751.959228515625,12.274188041687012,1105.7965087890625,10,106.17232779423536
185,91.83517110414815,91.83517110414815,1213.902099609375,6.220453262329102,1050.8883056640625,10,106.17232779423536
186,102.30094956893504,102.30094956893504,1200.0291748046875,9.01764965057373,1110.7861328125,10,106.17232779423536
187,99.1300799758668,99.1300799758668,923.39208984375,3.8427367210388184,580.6371459960938,10,106.17232779423536
188,86.69342449637195,86.69342449637195,831.0572509765625,6.931046485900879,795.4944458007812,10,106.17232779423536
189,91.18423291849933,91.18423291849933,778.1632080078125,3.571016788482666,564.7177734375,10,106.17232779423536
190,102.65287794092778,102.65287794092778,1433.66552734375,11.485040664672852,1419.9100341796875,10,106.17232779423536
191,102.21047599640544,102.21047599640544,1158.466064453125,8.598705291748047,935.29248046875,10,106.17232779423536
192,100.50631010542529,100.50631010542529,818.3628540039062,10.456262588500977,1081.9189453125,10,106.17232779423536
193,99.26125760267388,99.26125760267388,1139.747802734375,-1.4245021343231201,401.8035888671875,10,106.17232779423536
194,104.65402021571485,104.65402021571485,1134.2430419921875,15.247827529907227,1352.184814453125,10,106.17232779423536
195,91.48255374347684,91.48255374347684,1077.296875,1.6040750741958618,560.3036499023438,10,106.17232779423536
196,103.34004698657452,103.34004698657452,1001.1846923828125,0.7524048089981079,539.1427612304688,10,106.17232779423536
197,97.41128524706352,97.41128524706352,937.6728515625,8.326265335083008,862.9240112304688,10,106.17232779423536
198,99.23225121223813,99.23225121223813,1005.8126220703125,13.011537551879883,1141.4188232421875,10,106.17232779423536
199,101.24954352710326,101.24954352710326,927.4539794921875,7.3551177978515625,874.2182006835938,10,106.17232779423536
200,95.63489521982822,95.63489521982822,629.7155151367188,11.098007202148438,898.0032348632812,10,106.17232779423536
201,89.02302743336004,89.02302743336004,694.0010986328125,-0.10743026435375214,196.6674346923828,10,106.17232779423536
202,90.6016486723637,90.6016486723637,517.29345703125,13.650370597839355,1063.0565185546875,10,106.17232779423536
203,100.51200824142245,100.51200824142245,925.5973510742188,9.43742561340332,928.6050415039062,10,106.17232779423536
204,97.89590741084248,97.89590741084248,1053.172607421875,16.44563102722168,1453.7213134765625,10,106.17232779423536
205,105.25811214607883,105.25811214607883,1178.568115234375,11.754229545593262,1157.5762939453125,10,106.17232779423536
206,104.05928065453374,104.05928065453374,977.8050537109375,8.107339859008789,899.0276489257812,10,106.17232779423536
207,99.6033450473696,99.6033450473696,921.1263427734375,12.097674369812012,1300.337158203125,10,106.17232779423536
208,99.24840229011906,99.24840229011906,826.6380004882812,7.525424003601074,793.4649658203125,10,106.17232779423536
209,96.97845135777723,96.97845135777723,667.2332763671875,13.627889633178711,1075.5445556640625,10,106.17232779423536
210,96.09556470043584,96.09556470043584,803.2799072265625,8.664045333862305,830.812255859375,10,106.17232779423536
211,101.35724026338045,101.35724026338045,942.6619262695312,17.483688354492188,1509.228515625,10,106.17232779423536
212,101.48652091204262,101.48652091204262,679.1993408203125,10.567294120788574,973.250732421875,10,106.17232779423536
213,97.91676993323789,97.91676993323789,794.1756591796875,8.464807510375977,889.844482421875,10,106.17232779423536
214,103.05778649726352,103.05778649726352,1032.96923828125,9.1151123046875,1004.7986450195312,10,106.17232779423536
215,101.07725861229807,101.07725861229807,921.9891357421875,9.011161804199219,896.7321166992188,10,106.17232779423536
216,99.0237584051825,99.0237584051825,691.7399291992188,7.96207332611084,811.6656494140625,10,106.17232779423536
217,102.59734734118328,102.59734734118328,937.1218872070312,14.598650932312012,1337.96044921875,10,106.17232779423536
218,101.13865938739465,101.13865938739465,981.2122192382812,1.2691199779510498,671.1707153320312,10,106.17232779423536
219,101.60791501555076,101.60791501555076,700.4966430664062,9.44843864440918,917.8178100585938,10,106.17232779423536
220,104.14053814057158,104.14053814057158,1021.3916015625,8.306391716003418,1084.6143798828125,10,106.17232779423536
221,103.2878710445444,103.2878710445444,820.9376220703125,11.295028686523438,1076.8326416015625,10,106.17232779423536
222,106.36242997613525,106.36242997613525,904.0086059570312,6.4626569747924805,885.3588256835938,10,106.36242997613525
223,97.84761611282374,97.84761611282374,604.233154296875,4.570554733276367,531.6860961914062,10,106.36242997613525
224,96.6366838908172,96.6366838908172,737.1207275390625,7.640814304351807,735.1450805664062,10,106.36242997613525
225,102.71532538485806,102.71532538485806,778.9527587890625,9.557884216308594,969.5938720703125,10,106.36242997613525
226,97.67600821811354,97.67600821811354,743.12353515625,10.583009719848633,967.1874389648438,10,106.36242997613525
227,98.3117359816851,98.3117359816851,686.266845703125,6.009216785430908,736.0579833984375,10,106.36242997613525
228,102.84394469704242,102.84394469704242,568.47216796875,11.731829643249512,1004.3480834960938,10,106.36242997613525
229,99.39057864864662,99.39057864864662,674.9202270507812,6.154886722564697,644.3986206054688,10,106.36242997613525
230,95.65446360083547,95.65446360083547,541.2694702148438,9.583959579467773,824.8323364257812,10,106.36242997613525
231,104.26492474062421,104.26492474062421,894.1546630859375,5.821898937225342,778.2496948242188,10,106.36242997613525
232,104.91660702796331,104.91660702796331,848.7957763671875,5.6431989669799805,710.3419189453125,10,106.36242997613525
233,98.0130380997025,98.0130380997025,469.051513671875,8.573502540588379,686.8612670898438,10,106.36242997613525
234,98.87894682531717,98.87894682531717,603.26025390625,1.7221496105194092,339.3987121582031,10,106.36242997613525
235,105.16918804519614,105.16918804519614,816.6372680664062,3.546192169189453,649.3077392578125,10,106.36242997613525
236,101.69850672052158,101.69850672052158,927.5360107421875,11.2691068649292,1122.7528076171875,10,106.36242997613525
237,105.09311074481414,105.09311074481414,835.8701171875,8.49000358581543,955.936767578125,10,106.36242997613525
238,104.16189904811574,104.16189904811574,777.54833984375,3.1984024047851562,507.7212219238281,10,106.36242997613525
239,104.27072821822958,104.27072821822958,688.2647705078125,11.63412857055664,948.8192138671875,10,106.36242997613525
240,102.45457088297083,102.45457088297083,582.5850219726562,6.976666450500488,637.146728515625,10,106.36242997613525
241,94.09488131738817,94.09488131738817,627.802490234375,1.7162402868270874,505.87548828125,10,106.36242997613525
242,90.05314918281384,90.05314918281384,396.69232177734375,1.5484291315078735,306.52880859375,10,106.36242997613525
243,106.19760396903003,106.19760396903003,598.0372314453125,8.126195907592773,723.1795043945312,10,106.36242997613525
244,101.96790599042886,101.96790599042886,582.5345458984375,7.905714511871338,826.6096801757812,10,106.36242997613525
245,99.87631299161188,99.87631299161188,651.6927490234375,2.819514513015747,590.6832275390625,10,106.36242997613525
246,101.4195814895635,101.4195814895635,681.8710327148438,9.687271118164062,845.5734252929688,10,106.36242997613525
247,98.11365508223307,98.11365508223307,476.702880859375,7.214648246765137,645.6405029296875,10,106.36242997613525
248,98.65825547298645,98.65825547298645,646.3597412109375,10.170072555541992,816.9705810546875,10,106.36242997613525
249,91.1602908876141,91.1602908876141,578.6602783203125,-1.4083820581436157,299.08343505859375,10,106.36242997613525
250,89.66883833790669,89.66883833790669,440.1012268066406,3.881852626800537,506.26666259765625,10,106.36242997613525
251,93.37058007035095,93.37058007035095,367.3241882324219,3.3370163440704346,471.2568054199219,10,106.36242997613525
252,91.56124538288061,91.56124538288061,352.9014892578125,2.7018239498138428,317.7071533203125,10,106.36242997613525
253,98.73541404485951,98.73541404485951,521.7261962890625,7.230212211608887,657.3908081054688,10,106.36242997613525
254,93.68226416574775,93.68226416574775,405.27520751953125,0.05647468566894531,257.16058349609375,10,106.36242997613525
255,104.55056124368107,104.55056124368107,583.5594482421875,6.866771697998047,722.9005126953125,10,106.36242997613525
256,90.22046483408765,90.22046483408765,416.1924743652344,-1.711336374282837,153.45106506347656,10,106.36242997613525
257,93.99859659284986,93.99859659284986,382.59722900390625,2.6205317974090576,347.65594482421875,10,106.36242997613525
258,104.33305769500653,104.33305769500653,551.3416748046875,8.228830337524414,682.1488037109375,10,106.36242997613525
259,103.95986717232786,103.95986717232786,611.768310546875,12.652024269104004,1029.5718994140625,10,106.36242997613525
260,95.8526077706151,95.8526077706151,455.4227600097656,7.746822357177734,690.962646484375,10,106.36242997613525
261,105.1150176979487,105.1150176979487,631.7345581054688,7.9363508224487305,800.3565063476562,10,106.36242997613525
262,100.17827924077797,100.17827924077797,449.5885314941406,7.60836935043335,695.336669921875,10,106.36242997613525
263,102.71681356807477,102.71681356807477,441.58538818359375,12.555222511291504,898.232177734375,10,106.36242997613525
264,95.16806190825609,95.16806190825609,381.7612609863281,3.5088400840759277,403.33001708984375,10,106.36242997613525
265,107.04281257882427,107.04281257882427,539.0756225585938,7.0951972007751465,626.7347412109375,10,107.04281257882427
266,101.57942992535584,101.57942992535584,557.1934814453125,4.670384407043457,914.5833740234375,10,107.04281257882427
267,99.29362767795784,99.29362767795784,335.85748291015625,11.656564712524414,803.2274780273438,10,107.04281257882427
268,102.60589577596252,102.60589577596252,537.3247680664062,2.3065311908721924,447.21875,10,107.04281257882427
269,97.31766832953392,97.31766832953392,481.77490234375,4.1985626220703125,471.3959045410156,10,107.04281257882427
270,99.45327317580855,99.45327317580855,485.6231994628906,6.455883979797363,602.288330078125,10,107.04281257882427
271,103.29968872419921,103.29968872419921,552.4896240234375,8.23422908782959,777.7853393554688,10,107.04281257882427
272,101.60388287372955,101.60388287372955,492.8526306152344,6.526302337646484,644.26171875,10,107.04281257882427
273,104.26197526728535,104.26197526728535,529.5537719726562,2.990983247756958,484.7672119140625,10,107.04281257882427
274,103.15685615359807,103.15685615359807,566.2064208984375,6.6521100997924805,716.1935424804688,10,107.04281257882427
275,99.95966603899029,99.95966603899029,426.4150390625,5.6390228271484375,529.0584716796875,10,107.04281257882427
276,98.0302676705317,98.0302676705317,415.96685791015625,6.697811126708984,568.48095703125,10,107.04281257882427
277,97.48394760801843,97.48394760801843,477.6485900878906,0.7873145341873169,251.85264587402344,10,107.04281257882427
278,103.55632330426272,103.55632330426272,417.3116149902344,7.787579536437988,693.533935546875,10,107.04281257882427
279,99.47806391712025,99.47806391712025,482.5537109375,4.793869972229004,500.4397277832031,10,107.04281257882427
280,102.2011893400732,102.2011893400732,407.13323974609375,6.464890956878662,581.4505615234375,10,107.04281257882427
281,101.55628006340952,101.55628006340952,454.09246826171875,6.979072570800781,710.123046875,10,107.04281257882427
282,99.96016705834403,99.96016705834403,453.0186462402344,0.18773584067821503,150.0751953125,10,107.04281257882427
283,96.72284957310971,96.72284957310971,329.4903564453125,8.976707458496094,662.2206420898438,10,107.04281257882427
284,104.26428675642669,104.26428675642669,373.6635437011719,9.336976051330566,645.8167724609375,10,107.04281257882427
285,103.85810435075798,103.85810435075798,406.6011962890625,9.044153213500977,737.289306640625,10,107.04281257882427
286,101.28737240173093,101.28737240173093,449.8301696777344,0.7903968691825867,281.4210510253906,10,107.04281257882427
287,96.30062848593282,96.30062848593282,346.37786865234375,3.647592067718506,427.5187072753906,10,107.04281257882427
288,97.40054739175372,97.40054739175372,360.9636535644531,1.8534777164459229,305.0028991699219,10,107.04281257882427
289,99.8717730618649,99.8717730618649,440.65240478515625,2.5477969646453857,362.110107421875,10,107.04281257882427
290,98.98546162416386,98.98546162416386,367.75689697265625,6.6373291015625,499.16925048828125,10,107.04281257882427
291,87.55501619432115,87.55501619432115,399.5718688964844,-7.813104152679443,-246.55043029785156,10,107.04281257882427
292,102.60126723882018,102.60126723882018,513.1399536132812,2.693652391433716,408.772216796875,10,107.04281257882427
293,88.68496246834418,88.68496246834418,344.93011474609375,-2.024902820587158,56.08530044555664,10,107.04281257882427
294,103.76710139808131,103.76710139808131,361.6370849609375,6.287845134735107,541.7599487304688,10,107.04281257882427
295,99.36706405704028,99.36706405704028,343.3860168457031,2.516868829727173,293.35791015625,10,107.04281257882427
296,93.39758247864751,93.39758247864751,247.6895294189453,2.7826523780822754,231.2647705078125,10,107.04281257882427
297,102.89885912668579,102.89885912668579,474.572021484375,3.8850574493408203,424.6630554199219,10,107.04281257882427
298,97.02996339794203,97.02996339794203,314.3617858886719,6.325733184814453,520.8389892578125,10,107.04281257882427
299,101.31712790284638,101.31712790284638,435.29266357421875,1.937191367149353,314.887939453125,10,107.04281257882427
300,100.13811714097373,100.13811714097373,434.3417053222656,2.415910243988037,399.0756530761719,10,107.04281257882427
deterministic_policy,103.33775812241986,,,,,10,107.04281257882427
