연번,도서관 기본정보,,,,,,,,,,,,,,,,,,,,,,,,,,,도서관서비스 협력(지원) 기관 현황,,,,,,,,소장자료(도서_인쇄/국내서),,,,,,,,,,,소장자료(도서_인쇄/국외서),,,,,,,,,,,소장자료(지역자료 등),,소장자료(비도서),,소장자료(전자자료),,,,,,,,,,소장자료(연속),,소장자료(연간 증가 및 제적 수),,,,,,,,,,,,시설 현황,,,,,,,,,,,직원현황(도서관장),,,,,,,직원구성현황,,,,,,,,,,,,,,,,지원인력현황,,,,직원_사서자격증 보유 유무,,,,,,정규 직원 교육 현황,,,,,,,,,,,,결산액(2025년도),,,예산액_(2026년도),,,,,,,,,,개관현황,,회원등록 및 이용자 수,,,,,봉사대상지역 및 대상자수,,,,대출/이용자 수(연령별),,,,,,,,대출/이용 수_인쇄자료(연령별/주제별),,,,,,,,,,,,,,,,,,,,,,,,,,,,,,,,,대출/이용 수_전자자료(연령별/주제별),,,,,,,,,,,,,,,,,,,,,,,,,,,,,,,,,정보서비스 및 상호협력,,,,,,,이용자 교육,,,,,,프로그램(오프라인),,,,,,,,프로그램(온라인),,,,,,,,도서관 동아리,,,,,,지식정보취약계층 대상 특수자료 수,,,,,,,,,지식정보취약계층 봉사대상자 수,,,지식정보취약계층 서비스 이용 수(건),,,지식정보취약계층 관련 예산(천원),,,지식정보취약계층_공간,,,지식정보취약계층_프로그램,,,어린이서비스,,,
,도서관명,구분,지역,시군구,설립주체,"설립
기관명",운영방식,"운영
기관명",분관내용,개관년도,주소,상세주소,전화번호,팩스,홈페이지,개관시간,휴관일,"상위
본관명",분류체계,목록형식_국내서,목록형식_국외서,목록규칙_국내서,목록규칙_국외서,저자기호_국내서,저자기호_국외서,도서관코드,"도서관
부호
(실제)","이동
도서관_
도서관수","이동
도서관_
장서수","이동
도서관_
이용자수","작은
도서관_
협력
도서관수","작은
도서관_
협력
인력수","작은
도서관_
협력
예산액","작은
도서관_
협력
장서수","작은
도서관_
협력
프로그램수","국내서_
총류","국내서_
철학","국내서_
종교","국내서_
사회과학","국내서_
순수과학","국내서_
기술과학","국내서_
예술","국내서_
언어","국내서_
문학","국내서_
역사","국내서_
합계","국외서_
총류","국외서_
철학","국외서_
종교","국외서_
사회과학","국외서_
순수과학","국외서_
기술과학","국외서_
예술","국외서_
언어","국외서_
문학","국외서_
역사","국외서_
합계",지역자료,"고서·
귀중본","비도서_
시청각
자료","비도서_
기타","소장형
(영구접속)_전자저널","기간
구독형_전자저널","소장형
(영구접속)_전자도서","기간
구독형_
전자도서","소장형
(영구접속)_오디오북","기간
구독형_
오디오북","소장형
(영구접속)_웹데이터베이스","기간
구독형_
웹데이터베이스","소장형
(영구접속)_기타","기간
구독형_
기타","국내_
연속
간행물","국외_
연속
간행물","연간증가자료수_
도서자료_구입","연간증가자료수_
도서자료_기증","연간증가자료수_
비도서_
구입","연간증가자료수_
비도서_
기증","연간증가자료수_
전자자료_구입","연간증가자료수_
전자자료_기증","연간증가자료수_
연속간행물_구입","연간증가자료수_
연속간행물_기증","연간제적자료수_
도서자료","연간제적자료수_
비도서","연간제적자료수_
전자자료","연간제적자료수_
연속간행물","면적_
도서관 
부지 면적","면적_
도서관 
건물연면적","면적_
도서관 
서비스
제공 면적",좌석수_총 좌석수,"좌석수_
어린이 
열람석","좌석수_
노인 및 장애인 
열람석","설비_
이용자용컴퓨터수","설비_무선
인터넷
설치유무","설비_
시스템
구축현황",설비_무인자동대출/반납기,"설비_
모바일
도서관
서비스",도서관장 유무,"도서관장_직렬
(대구분)","도서관장_직렬
(소구분)","도서관장_직렬
(기타)",도서관장_직급,"도서관장_직급
(기타)","도서관장_사서
자격증","정규직_
사서직_
현원_남","정규직_
사서직_
현원_여","정규직_
사서직_
정원","정규직_
행정직_
현원_남","정규직_
행정직_
현원_여","정규직_
행정직_
정원","정규직_
전산직_
현원_남","정규직_
전산직_
현원_여","정규직_
전산직_
정원","정규직_
기타_
현원_남","정규직_
기타_
현원_여","정규직_
기타_정원","비정규직_사서자격증
소지자_
현원_남","비정규직_사서자격증
소지자_
현원_여","비정규직_기타_
현원_남","비정규직_기타_
현원_여","자원
봉사자_남","자원
봉사자_여",기타 지원인력_남,기타 지원인력_여,"1급
정사서_남","1급
정사서_여","2급
정사서_남","2급
정사서_여",준사서_남,준사서_여,"사서직_
전문교육_교육건수","사서직_
전문교육_교육시간","사서직_
전문교육_교육참가자수","사서직_
일반교육_교육건수","사서직_
일반교육_교육시간","사서직_
일반교육_교육참가자수","일반직_
전문교육_교육건수","일반직_
전문교육_교육시간","일반직_
전문교육_교육참가자수","일반직_
일반교육_교육건수","일반직_
일반교육_교육시간","일반직_
일반교육_교육참가자수",인건비,"자료
구입비",운영비,"인건비_
정규직","인건비_
비정규직등 기타","자료
구입비_
도서","자료
구입비_
비도서","자료
구입비_
전자자료_공동","자료
구입비_
전자자료자체(개별)","자료
구입비_
연속간행물","운영비_
원문DB
구축 및 
정보화관련","운영비_
프로그램","운영비_
기타사업비총액","연간 
총개관
일수",주당평균개관시간,"회원
등록자 수_어린이","회원
등록자 수_청소년","회원
등록자 수_성인","가족단위회원
등록수
(어린이 도서관만 해당)","이용자수_도서관
방문자수",봉사대상지역,"봉사
대상자수_어린이","봉사
대상자수_청소년","봉사
대상자수_성인",인쇄자료_대출자 수_어린이,인쇄자료_대출자 수_청소년,인쇄자료_대출자 수_성인,인쇄자료_대출자 수_합계,전자자료_이용자 수_어린이,전자자료_이용자 수_청소년,전자자료_이용자 수_성인,전자자료_이용자 수_합계,"인쇄자료_어린이_
총류","인쇄자료_어린이_
철학","인쇄자료_어린이_
종교","인쇄자료_어린이_
사회과학","인쇄자료_어린이_
순수과학","인쇄자료_어린이_
기술과학","인쇄자료_어린이_
예술","인쇄자료_어린이_
언어","인쇄자료_어린이_
문학","인쇄자료_어린이_
역사","인쇄자료_어린이_
합계","인쇄자료_청소년_
총류","인쇄자료_청소년_
철학","인쇄자료_청소년_
종교","인쇄자료_청소년_
사회과학","인쇄자료_청소년_
순수과학","인쇄자료_청소년_
기술과학","인쇄자료_청소년_
예술","인쇄자료_청소년_
언어","인쇄자료_청소년_
문학","인쇄자료_청소년_
역사","인쇄자료_청소년_
합계","인쇄자료_성인_
총류","인쇄자료_성인_
철학","인쇄자료_성인_
종교","인쇄자료_성인_
사회과학","인쇄자료_성인_
순수과학","인쇄자료_성인_
기술과학","인쇄자료_성인_
예술","인쇄자료_성인_
언어","인쇄자료_성인_
문학","인쇄자료_성인_
역사","인쇄자료_성인_
합계","전자자료_어린이_
총류","전자자료_어린이_
철학","전자자료_어린이_
종교","전자자료_어린이_
사회과학","전자자료_어린이_
순수과학","전자자료_어린이_
기술과학","전자자료_어린이_
예술","전자자료_어린이_
언어","전자자료_어린이_
문학","전자자료_어린이_
역사","전자자료_어린이_
합계","전자자료_청소년_
총류","전자자료_청소년_
철학","전자자료_청소년_
종교","전자자료_청소년_
사회과학","전자자료_청소년_
순수과학","전자자료_청소년_
기술과학","전자자료_청소년_
예술","전자자료_청소년_
언어","전자자료_청소년_
문학","전자자료_청소년_
역사","전자자료_청소년_
합계","전자자료_성인_
총류","전자자료_성인_
철학","전자자료_성인_
종교","전자자료_성인_
사회과학","전자자료_성인_
순수과학","전자자료_성인_
기술과학","전자자료_성인_
예술","전자자료_성인_
언어","전자자료_성인_
문학","전자자료_성인_
역사","전자자료_성인_
합계",자체 상호대차 협력도서관 수_공공도서관,자체 상호대차 협력도서관 수_작은도서관,"상호대차
의뢰 및 제공책수_의뢰","상호대차
의뢰 및 제공책수_제공",정보서비스의뢰 및 제공건수_의뢰,정보서비스의뢰 및 제공건수_제공,"홈페이지
접속 수",오프라인_교육횟수,오프라인_교육시간,오프라인_교육 참가자 수,온라인_교육횟수,온라인_교육시간,온라인_교육 참가자 수,"오프라인_문화
프로그램_정기강좌 수","오프라인_문화
프로그램_정기강좌_참가자수","오프라인_문화
프로그램_
1회성 프로그램 수","오프라인_문화
프로그램_
1회성 프로그램_참가자수","오프라인_도서관.독서
프로그램_
정기강좌
수","오프라인_도서관.독서
프로그램_
정기강좌_
참가자수","오프라인_도서관.독서
프로그램_
1회성 프로그램 수","오프라인_도서관.독서
프로그램_
1회성 프로그램_참가자수","온라인_문화
프로그램_정기강좌
수","온라인_문화
프로그램_정기강좌_참가자수","온라인_문화
프로그램_
1회성 프로그램
수","온라인_문화
프로그램_
1회성 프로그램_참가자수","온라인_도서관
프로그램_정기강좌
수","온라인_도서관
프로그램_정기강좌_참가자수","온라인_도서관
프로그램_
1회성 프로그램
수","온라인_도서관
프로그램_
1회성 프로그램_참가자수","독서_
동아리 수","학습_
동아리 수","기타_
동아리 수","독서_
동아리 
회원 수","학습_
동아리 
회원 수","기타_
동아리 
회원 수","장애인_
인쇄용자료","장애인_
비도서자료","장애인_
전자자료","노인_
인쇄용자료","노인_
비도서자료","노인_
전자자료","다문화_
인쇄용자료","다문화_
비도서자료","다문화_
전자자료","봉사
대상자수_장애인","봉사
대상자수_노인","봉사
대상자수_다문화
(7월 중
보완예정)","취약계층_서비스 
이용 건수_장애인","취약계층_서비스 
이용 건수_노인","취약계층_서비스 
이용 건수_다문화",취약계층_관련예산_장애인,취약계층_관련예산_노인,취약계층_관련예산_다문화,"취약계층_공간_
장애인","취약계층_공간_
노인","취약계층_공간_
다문화",취약계층_프로그램_장애인,취약계층_프로그램_노인,취약계층_프로그램_다문화,어린이실,"어린이 
서비스 
이용수","어린이 
자료
(인쇄)수","어린이 
연간 증가 자료
(인쇄)수"
7,갈마도서관,공공(일반),대전,서구,지자체,대전광역시 서구,직영,,본관,1994,대전광역시 서구 신갈마로127번길 138 (갈마동),갈마도서관,042-288-4740,042-288-5936,https://www.seogu.go.kr/learning/galmalib/index.do,동절기:08:00~22:00 하절기:07:00~22:00,"매주 월요일, 국경일 및 국가지정 공휴일",,KDC6판,통합KOMARC,통합KOMARC,KCR 4판,KCR4판,동양서저자기호표,cutter sanborn Table,2060125007,125004,1,500,2837,3,1,0,0,0,8401,9926,4444,31127,11712,13027,6897,5437,84779,13875,189625,260,12,66,670,1067,113,91,2479,10049,380,15187,51,0,7488,0,0,0,4102,0,387,0,0,0,0,4,54,0,6194,410,0,0,805,0,54,0,8000,0,0,53,1488,2706,1281,515,66,8,26,유,RFID 시스템,3,유,유(전임),공무원,사서직,,6급,,유,1,2,4,1,0,1,1,1,1,2,0,4,0,2,2,3,77,47,4,5,0,1,1,3,0,0,8,16,4,81,214,4,0,0,0,146,456,4,901898,127149,721711,544305,434974,100800,1890,0,0,6840,17359,104420,150340,298,91,551,953,11022,,346073,대전광역시 서구,45815,27973,389563,418,723,8356,9497,241,46,602,889,1642,652,805,2947,6651,1770,679,3460,27083,3397,49086,247,292,92,764,2523,1926,181,418,4927,531,11901,4716,5767,2233,14782,12145,9797,2917,6170,70121,7803,136451,4,6,2,16,50,38,4,8,108,5,241,1,2,1,7,10,5,1,2,15,2,46,135,165,125,805,315,645,135,195,3237,225,5982,4,0,533,1650,32132,32132,137738,5,10,60,0,0,0,159,2432,5,139,191,2880,22,5991,0,0,0,0,0,0,0,0,0,0,2,0,0,30,0,0,0,1133,0,0,0,0,0,20310,80949,,1129,17592,207,0,3738,1200,자료실내 코너,자료실내 코너,미설치,미운영,운영,운영,유,61388,86869,3321
24,관평도서관,공공(일반),대전,유성구,지자체,대전광역시 유성구,위탁,충남대학교 산학협력단,본관,2015,대전광역시 유성구 테크노4로 131 (관평동),관평도서관,042-716-0350,042-716-0359,https://lib.yuseong.go.kr,"종합자료실 화/수/목/금 09:00~22:00, 토/일 09:00~18:00
어린이자료실 화/수/목/금/토/일 09:00~18:00
열람실 화/수/목/금/토/일 08:00~22:00","매주 월요일, 법정 공휴일, 근로자의 날",, KDC,KORMARC,KORMARC,KCR4,한국목록규칙KCR4,동양서저자기호 제5표,Cutter-Sanborn Table,2060125023,130023,0,0,0,0,0,0,0,0,1994,1984,556,5383,3637,2945,1395,1029,16380,3380,38683,31,17,4,65,70,36,77,438,1267,34,2039,215,0,226,0,0,0,0,1681,0,0,0,0,0,0,47,1,3465,147,0,10,530,0,7,0,30,0,27,7,808.8,2029.25,640.93,166,37,2,7,유,바코드와 RFID 병행 적용,1,유,유(전임),비공무원,,,기타(직접입력),사서 7급 상당,유,1,5,6,0,0,0,0,0,0,0,0,0,0,1,0,3,75,88,3,4,0,0,1,6,0,0,116,441,6,95,226,6,0,0,0,0,0,0,368379,58456,353067,304100,83324,50000,0,0,0,8460,23710,38800,305581,297,70,3008,2402,15627,,227617,대전광역시 유성구,44085,22748,300701,1875,820,7612,10307,26,0,3,29,1084,710,734,2665,5403,2001,987,1848,18077,3280,36789,235,268,79,630,955,374,123,220,3408,432,6724,2617,3267,1349,8268,8144,5009,2188,3265,37835,5969,77911,0,0,0,0,0,0,0,0,222,0,222,0,0,0,0,0,0,0,0,0,0,0,0,0,0,0,0,0,0,0,15,0,15,10,0,9985,9159,4628,4628,474820,18,18,291,0,0,0,5,570,3,874,9,3423,3,1819,0,0,0,0,0,0,0,0,8,0,0,114,0,0,643,0,0,92,0,0,114,0,0,12488,49193,,398,1077,2,138,816,89,자료실내 코너,자료실내 코너,자료실내 코너,미운영,운영,미운영,유,88391,20631,1470
31,구암도서관,공공(일반),대전,유성구,지자체,대전광역시 유성구,직영,,본관,2013,대전광역시 유성구 유성대로626번길 57 (구암동),(구암동 621-7) 구암도서관,042-611-6617,042-611-2876,http://lib.yuseong.go.kr/,09:00 ~ 22:00,"일요일 및 국경일, 정부 지정 공휴일",,KDC6판,KORMARC(통합서지용),KORMARC(통합서지용),,KCR4,동양서저자기호,Cutter Sanborn figure author table,2060125022,130022,0,0,0,7,2,444014,0,0,2378,3774,928,8918,4851,3360,2056,1450,25718,4554,57987,110,24,22,84,54,91,16,641,1860,92,2994,5,0,0,0,0,0,0,1681,0,0,0,0,0,0,44,1,3503,10,0,0,530,0,0,0,4326,0,27,0,2486.4,916.11,332.7,158,25,2,12,유,바코드와 RFID 병행 적용,1,유,유(겸임),공무원,사서직,,5급,,유,0,4,4,0,1,1,0,0,0,0,3,3,0,1,0,3,354,274,0,2,0,1,0,5,0,0,3,6,2,118,116,5,0,0,0,42,112,2,488815,60000,66000,639256,53870,50000,0,15000,0,8460,0,0,91818,295,78,441,420,3637,,127200,대전광역시 유성구,44085,22748,300701,1834,723,7976,10533,1,0,0,1,714,543,338,2186,4932,1213,291,1617,18850,2697,33381,237,226,52,629,901,295,114,204,2789,415,5862,2222,3465,1052,8078,7182,4176,1309,2655,39559,5060,74758,0,0,0,0,0,0,0,0,1,0,1,0,0,0,0,0,0,0,0,0,0,0,0,0,0,0,0,0,0,0,0,0,0,10,0,12999,12131,5,5,473794,0,0,0,0,0,0,0,0,0,0,0,0,8,1876,0,0,0,0,0,0,0,0,0,0,0,0,0,0,0,0,0,396,0,0,785,0,0,12488,49193,,376,14706,0,0,1750,0,미설치,자료실내 코너,자료실내 코너,운영,운영,미운영,유,54493,32496,1517
32,구즉도서관,공공(일반),대전,유성구,지자체,유성구청,직영,평생학습원,본관,2003,대전광역시 유성구 와룡로37번길 20 (송강동),구즉도서관,042-611-6510,042-611-2665,https://lib.yuseong.go.kr/index.php,동절:오전8시~오후10시/하절:오전8시~오후10시,"매주월요일, 국경일",,KDC5판,KORMARC,KORMARK,KCR,,동양서저자기호 제5표,,2060125011,125013,0,0,0,0,0,0,0,0,4073,4155,1709,12368,7856,6102,3473,3045,40019,9609,92409,233,17,10,133,148,31,16,632,1761,149,3130,10,0,2936,0,0,0,0,1681,0,0,0,0,0,0,49,1,3448,29,0,0,530,0,3,0,6825,0,27,4,2967,1496.13,867.46,115,33,8,14,유,RFID 시스템,1,유,유(전임),공무원,사서직,,6급,,유,0,2,2,1,1,2,0,0,0,1,0,1,0,0,3,7,125,74,3,3,0,0,0,3,0,0,10,44,2,36,93,2,0,0,0,60,105,3,572517,67384,183843,257502,317018,60000,0,0,0,8460,0,31160,173105,297,70,1183,738,6171,,132761,대전광역시 유성구,44085,22748,300701,1767,668,7759,10194,26,0,3,29,676,427,368,2104,5075,1687,372,1947,18577,3184,34417,94,121,23,326,534,259,53,114,2577,339,4440,2103,3004,991,8234,8183,5258,1386,3649,39102,6247,78157,0,0,0,0,0,0,0,0,222,0,222,0,0,0,0,0,0,0,0,0,0,0,0,0,0,0,0,0,0,0,15,0,15,8,0,14132,13578,22657,22657,473794,10,10,172,0,0,0,136,4162,6,905,54,908,7,436,0,0,0,0,0,0,0,0,5,0,0,58,0,0,0,0,0,485,0,0,556,0,0,12488,49193,,372,13719,0,0,924,0,자료실내 코너,자료실내 코너,자료실내 코너,미운영,미운영,미운영,유,49211,50782,1540
47,노은도서관,공공(일반),대전,유성구,지자체,유성구,직영,,본관,2010,대전광역시 유성구 노은동로234번길 34 (지족동),노은도서관,042-611-6612,042-611-2733,http://lib.yuseong.go.kr/,"열람실 화/수/목/금/토/일 08:00~22:00
종합자료실 화/수/목/금 09:00~22:00, 토/일 09:00~18:00
어린이자료실 화/수/목/금/토/일 09:00~18:00
디지털실 화/수/목/금/토/일 09:00~18:00","매주 월요일, 법정공휴일",,,한국목록자동화목록형식(KORMARC),한국목록자동화목록형식(KORMARC),한국목록자동화목록형식(MARC),한국목록자동화목록형식(MARC),,,2060125019,130012,0,0,0,0,0,0,0,0,4496,5321,1842,14448,6996,7160,3499,2509,38459,7231,91961,7,22,3,362,85,12,15,868,1887,57,3318,9,0,2199,0,0,0,0,1681,0,0,0,0,0,0,52,1,4686,78,0,0,530,0,5,0,6677,0,27,5,7523,3355,2010.49,259,56,6,7,유,RFID 시스템,2,유,유(전임),공무원,사서직,,6급,,유,1,4,5,0,0,0,0,0,0,1,0,1,0,2,2,3,1093,712,2,8,0,0,1,6,0,0,9,43,5,103,218,5,0,0,0,24,60,1,592320,87354,525508,358582,267955,70000,0,0,0,8460,0,212800,1291356,297,70,8946,3109,24608,,300472,대전광역시 유성구,44085,22748,300701,2420,1469,12115,16004,32,7,4,43,1841,1005,1009,4889,7468,2729,870,2614,29259,5044,56728,415,547,123,1371,1515,910,306,302,7289,941,13719,4723,8205,2976,21679,14120,10470,3641,5477,79144,11151,161586,0,6,2,35,38,13,2,0,224,23,343,0,0,0,4,1,0,0,0,59,2,66,1,11,2,41,1,6,0,5,21,28,116,10,0,10053,9597,91196,91196,473794,18,18,433,0,0,0,1,404,17,4442,18,3144,23,20542,0,0,0,0,0,0,0,0,8,0,0,118,0,0,0,0,0,313,0,0,440,0,0,12488,49193,,674,36210,0,0,3106,0,자료실내 코너,자료실내 코너,자료실내 코너,미운영,운영,미운영,유,114488,43213,2108
67,둔산도서관,공공(일반),대전,서구,지자체,대전광역시 서구,직영,서구,본관,2007,대전광역시 서구 청사로 263 (둔산동),둔산도서관,042-288-4800,042-288-5938,http://www.seogu.go.kr/learning/dunsanlib/index.do,"동절기 08:00~22:00, 하절기 07:00~22:00","매주 월요일, 법정공휴일",,KDC6판,통합KORMARC,통합KORMARC,KCR4판,KCR4판,동양서저자기호표,cutter sanborn Table,2060125014,130006,0,0,0,0,0,0,0,0,5541,6724,2711,21791,12295,9164,4677,4095,61983,12046,141027,56,22,4,57,73,23,16,1711,2777,182,4921,0,0,1548,436,0,0,4102,0,387,0,0,0,0,4,43,0,6537,276,20,0,805,0,0,0,9000,105,0,0,999.9,2367,699,340,60,10,17,유,RFID 시스템,5,유,유(전임),공무원,사서직,,6급,,유,1,2,3,1,1,2,0,0,0,2,0,2,1,1,2,5,65,58,10,7,0,0,1,4,0,0,10,45,3,66,213,3,0,0,0,68,173,4,674267,122343,391770,476266,321184,110400,2789,0,0,6840,17359,49610,150339,298,62,1088,1585,11617,,364284,대전광역시 서구,45815,27973,389563,1578,1005,7770,10353,241,46,602,889,2203,994,978,6178,8972,3030,1002,2676,37511,5477,69021,890,647,148,2678,1893,748,480,631,8462,1428,18005,5740,5916,2544,21680,16743,10270,3639,5424,84523,11157,167636,4,6,2,16,50,38,4,8,108,5,241,1,2,1,7,10,5,1,2,15,2,46,135,165,125,805,315,645,135,195,2351,225,5096,4,0,2481,855,15002,15002,0,17,17,275,0,0,0,8,2239,11,338,23,4010,12,5336,0,0,0,0,0,0,0,0,0,0,0,0,0,0,0,0,0,867,0,0,0,0,0,20310,80949,,101,10845,155,0,7567,1200,미설치,자료실내 코너,자료실내 코너,미운영,운영,운영,유,154835,70964,3153
114,석봉도서관,공공(일반),대전,대덕구,지자체,대전광역시 대덕구,직영,,본관,2024,대전광역시 대덕구 대덕대로 1579 (석봉동),2층,042-608-5514,042-608-3861,http://lib.daedeok.go.kr,"종합자료실 화/수/목/금 09:00~21:00, 토/일 09:00~18:00
어린이자료실 화/수/목/금/토/일 09:00~18:00","월요일, 정부지정 공휴일",,KDC 6판,통합KORMARC,통합KORMARC,KCR4,KCR4,국립중앙도서관 동서양 저자기호표,Cutter-Sanborn Table,2060125028,130030,0,0,0,0,0,0,0,0,1770,2337,840,5856,3203,3822,1754,1000,20844,2800,44226,47,6,18,137,236,78,72,962,2781,118,4455,0,0,0,0,0,0,48003,169036,0,0,0,0,0,0,57,2,5241,754,0,0,0,0,59,0,0,0,0,0,5400,2308.82,1554.16,260,91,0,11,유,바코드와 RFID 병행 적용,6,유,유(전임),공무원,사서직,,6급,,유,1,4,5,0,0,0,1,0,1,0,3,3,0,0,0,2,0,2,0,0,0,0,1,6,0,0,4,46,2,161,324,5,0,0,0,31,70,1,623931,96824,240786,136559,18970,80000,16873,0,4800,12073,76992,71580,68760,295,66,303,206,1983,,228725,대전광역시 대덕구,12443,8541,144551,702,377,4161,5240,0,0,1073,1073,543,747,450,2615,2281,1365,572,1092,11737,1570,22972,121,166,100,581,507,303,127,243,2608,349,5105,2351,3235,1954,11330,9884,5916,2478,4731,50862,6803,99544,0,0,0,0,0,0,0,0,0,0,0,0,0,0,0,0,0,0,0,0,0,0,149,224,19,524,57,74,31,64,654,98,1894,2,0,1696,855,111,111,96947,10,10,347,0,0,0,0,0,3,547,26,3097,3,1437,0,0,0,0,0,0,0,0,7,0,0,51,0,0,0,0,0,510,0,0,0,0,0,10662,37459,,5,1725,292,0,0,3900,미설치,미설치,미설치,미운영,미운영,운영,유,17822,21692,2458
127,송촌도서관,공공(일반),대전,대덕구,지자체,대전광역시 대덕구,직영,,본관,2010,대전광역시 대덕구 송촌로 59 (송촌동),송촌도서관,042-608-5513,042-608-3863,http://lib.daedeok.go.kr,"09:00 ~ 22:00(자료실, 주말포함)","매주금요일, 정부지정공휴일",,KDC 제6판,한국문헌자동화목록,,KCR4,,동서양저자기호표,,2060125020,130013,0,0,0,0,0,0,0,0,3425,5061,2358,14901,6228,7031,4296,2834,38970,7406,92510,11,17,14,322,128,32,27,533,1102,43,2229,0,0,2882,0,0,0,48003,169036,0,3750,0,0,0,0,104,0,5072,975,122,0,0,0,2,0,4999,0,0,2,3668,1983,1026,171,80,9,47,유,바코드와 RFID 병행 적용,2,유,유(전임),공무원,사서직,,6급,,유,1,2.5,4,0,1,1,0,0,0,1,3,4,0,0,0,2,34,43,3,0,0,0,1,5,0,0,4,27,3,139,343,4,0,0,0,69,160,2,469509,95833,310523,496522,18970,71500,1500,0,0,12378,19554,90100,196730,293,82,653,887,7114,,224280,대전광역시 대덕구,12443,8541,144551,855,520,4933,6308,0,0,1172,1172,591,1197,587,3457,2848,1773,689,1211,14456,1865,28674,354,718,352,2074,1709,1064,414,727,8674,1119,17205,1418,2873,1409,8297,6835,4254,1655,2906,34694,4475,68816,0,0,0,0,0,0,0,0,0,0,0,0,0,0,0,0,0,0,0,0,0,0,149,224,19,524,57,74,31,64,654,98,1894,2,0,637,1984,98,98,96947,31,16,646,0,0,0,13,1637,7,935,26,2104,23,11575,0,0,0,0,0,0,0,0,4,1,2,31,15,26,0,0,0,319,0,0,0,0,0,10662,37459,,84,2347,0,0,6400,0,별도 자료실,별도 자료실,미설치,미운영,운영,미운영,유,20039,35939,1884
139,안산도서관,공공(일반),대전,대덕구,지자체,대덕구청,직영,대덕구청,본관,1994,대전광역시 대덕구 계족로663번길 25 (법동),(안산도서관),042-608-5512,042-608-3862,https://lib.daedeok.go.kr/daedeoklib/index.do,"어린이자료실 화/수/목/금/토/일 09:00~18:00
종합자료실 화/수/목/금 09:00~21:00, 토/일 09:00~18:00",매주 월,,KDC,KORMARC,KORMARC,KCR4,KCR4,동양서,Cutter-Sanborn Table,2060125012,125005,1,1776,705,0,0,0,0,0,5254,8213,3891,21913,8270,11429,5306,4196,55492,9849,133813,58,32,23,190,177,72,767,1610,474,48,3451,0,65,1421,0,0,0,48003,169036,0,3750,0,0,0,0,145,2,5184,439,111,0,0,0,58,70,13444,0,0,0,2925.71,2724.57,1544.42,275,142,0,9,유,바코드와 RFID 병행 적용,5,유,유(전임),공무원,사서직,,6급,,무,1,4,5,0,0,0,0,0,0,1,3,4,0,0,1,1,3,43,1,0,0,0,1,6,0,0,10,47,5,122,215,5,0,0,0,0,0,0,483202,93572,249608,488508,40311,83000,1500,0,1217,12698,24774,42910,118981,298,66,634,778,5003,,288579,대전광역시 대덕구,12443,8541,144551,523,302,3448,4273,0,0,1167,1167,483,1330,553,2802,2074,1610,436,834,10436,1635,22193,97,266,111,560,415,322,87,167,2087,327,4439,1352,3723,1548,7844,5807,4507,1221,2336,29222,4577,62137,0,0,0,0,0,0,0,0,0,0,0,0,0,0,0,0,0,0,0,0,0,0,149,224,19,524,57,74,31,64,654,98,1894,3,0,847,1183,94,94,96947,31,16,634,0,0,0,4,174,22,659,21,2277,5,47449,0,0,0,0,0,0,0,0,7,4,0,47,36,0,0,0,0,326,0,0,0,0,0,10662,37459,,57,1715,0,0,1436,0,미설치,미설치,미설치,미운영,미운영,미운영,유,28001,39923,2301
159,용산도서관,공공(일반),대전,유성구,지자체,,직영,,본관,2025,대전광역시 유성구 배울1로 118 (용산동),용산도서관,042-611-6796,042-611-2037,https://lib.yuseong.go.kr,,,,,,,,,,,2060125029,130033,0,0,0,0,0,0,0,0,795,844,263,2303,1696,1212,614,526,8699,1293,18245,1,13,3,40,5,5,1,225,421,5,719,0,0,0,0,0,0,0,1681,0,0,0,0,0,0,26,1,11568,568,0,0,530,0,27,0,0,0,27,0,13061.3,1914.59,1219.95,240,120,4,5,유,RFID 시스템,1,유,유(전임),공무원,사서직,,6급,,유,1,2,3,0,0,0,0,0,0,0,0,0,0,3,2,3,0,8,2,2,0,0,1,4,0,1,3,19,2,66,168,3,0,0,0,0,0,0,310092,183888,148153,272629,127393,110000,0,0,0,8460,4399,28840,82956,254,66,357,74,1174,,96882,대전광역시 유성구,44085,22748,300701,8174,2386,22041,32601,26,0,3,29,1010,602,633,2509,4685,1432,500,1781,19547,2863,35562,49,73,25,173,323,126,45,57,1529,151,2551,2168,2396,1170,8807,6742,3959,1638,2832,32300,47206,109218,0,0,0,0,0,0,0,0,222,0,222,0,0,0,0,0,0,0,0,0,0,0,0,0,0,0,0,0,0,0,15,0,15,9,0,4427,0,250,250,473794,8,8,175,0,0,0,1,130,2,120,2,111,16,6487,0,0,0,0,0,0,0,0,1,0,0,12,0,0,0,0,0,136,0,0,0,0,0,12488,49193,,67,1100,17,0,0,0,자료실내 코너,자료실내 코너,미설치,미운영,미운영,미운영,유,4230,10960,10960
168,월평도서관,공공(일반),대전,서구,지자체,대전광역시 서구,직영,,본관,2019,대전광역시 서구 한밭대로 664 (갈마동),월평도서관,042-288-4870,042-288-5966,https://www.seogu.go.kr/learning/wolpyeonglib/index.do,동절기:08:00~22:00 하절기:07:00~22:00,"매주 금요일, 국경일 및 국가지정 공휴일",,KDC6판,통합KOMARC,통합KOMARC,KCR 4판,KCR 4판,동양서저자기호표,cutter sanborn Table,2060125025,130028,0,0,0,2,1,0,0,0,4194,5300,1542,14358,7022,6798,2745,1222,42128,6227,91536,22,14,4,119,92,25,6,960,2737,45,4024,0,0,0,0,0,0,4102,0,387,0,0,0,0,4,47,0,7534,288,0,0,805,0,5,0,500,0,0,0,1456,3584.76,993,323,51,12,17,유,바코드 시스템,7,유,유(전임),공무원,사서직,,6급,,유,1,3,4,0,0,0,1,0,1,2,0,2,0,4,2,5,128,255,15,8,0,1,1,7,0,1,3,6,3,72,251,1,0,0,0,87,261,3,759065,158729,240368,476266,487050,120000,1889,30000,0,7578,17359,72670,150339,297,70,1370,1039,12482,,488295,대전광역시 서구,45815,27973,389563,2277,1232,12420,15929,241,46,602,889,4293,1636,1312,7277,13152,3356,1285,3393,47961,7987,91652,540,590,111,1749,3126,1387,468,479,8692,1387,18529,8551,11136,3609,32469,23500,13472,5762,7950,120444,16757,243650,4,6,2,16,50,38,4,8,108,5,241,1,2,1,7,10,5,1,2,15,2,46,135,165,125,805,315,645,135,195,2900,225,5645,5,0,2447,539,44689,44689,316803,0,0,0,0,0,0,4,926,5,1723,11,3569,9,12315,0,0,0,0,0,0,1,152,0,0,0,0,0,0,0,0,0,746,0,0,0,0,0,20310,80949,,1014,23076,166,0,8000,0,자료실내 코너,자료실내 코너,미설치,미운영,운영,미운영,유,164073,46066,3248
169,유성도서관,공공(일반),대전,유성구,지자체,유성구청,직영,유성구청,본관,1994,대전광역시 유성구 대덕대로 507-38 (가정동),유성도서관,042-611-6530,042-611-2722,https://lib.yuseong.go.kr/,,,,KDC,한국문헌자동화목록형식(통합서지용),,KCR4,KCR4,동양서 저자기호 제5표,Cutter Sanborn figure author table,2060125009,125007,0,0,0,0,0,0,0,0,5840,7008,3695,19105,10475,7807,5278,4019,45765,10810,119802,93,77,15,263,264,81,64,616,2346,206,4025,112,0,5796,0,0,0,0,1681,0,0,0,0,0,0,40,1,3986,10,0,0,530,0,0,0,0,0,27,0,29063,2465.82,1119,157,26,2,7,유,RFID 시스템,1,유,유(전임),공무원,사서직,,6급,,유,1,3,5,0,0,0,0,0,0,3.5,2,0,0,0,0,4,651,358,1,2,0,1,0,3,1,0,7,27,4,77,163,4,0,0,0,73,136,6,531036,77459,316397,504394,85682,70000,0,0,0,8460,0,40560,174452,270,70,7143,4954,42737,,137289,대전광역시 유성구,44085,22748,300701,722,906,9439,11067,26,0,3,29,959,673,216,2524,4586,1400,411,1141,13533,2401,27844,182,281,111,758,890,433,125,140,3021,550,6491,2769,4535,1334,11339,8729,5555,1955,3089,36984,6135,82424,0,0,0,0,0,0,0,0,222,0,222,0,0,0,0,0,0,0,0,0,0,0,0,0,0,0,0,0,0,0,15,0,15,10,0,13153,12176,70898,70898,473794,5,10,166,0,0,0,0,0,1,80,6,2630,8,2369,0,0,0,0,0,0,0,0,5,0,0,150,0,0,40,0,0,339,0,0,548,0,0,12488,49193,,995,24876,0,0,881,0,자료실내 코너,자료실내 코너,자료실내 코너,미운영,운영,미운영,유,51312,46395,1424
173,자양도서관,공공(일반),대전,동구,지자체,대전광역시동구청,직영,동구청,본관,2009,대전광역시 동구 백룡로 16 (자양동),자양동행정복지센터 자양도서관,042-259-7422,042-224-6185,https://www.donggu.go.kr/dg/kor/contents/621,09:00~18:00,"토, 일, 공휴일",,KDC 제6판,KORMARC,KORMARC,KCR4,,동양서저자기호,Cutter-Sanborn,2060125015,130008,0,0,0,0,0,0,0,0,2066,2508,777,8006,4957,3393,1658,1591,26587,4368,55911,0,0,0,0,1,1,0,1,44,2,49,2,0,405,0,0,0,0,0,0,0,0,0,0,0,14,0,1921,24,0,0,0,0,0,0,719,0,0,0,1041.6,889.53,509.58,104,71,1,4,유,RFID 시스템,2,무,무,,,,,,,0,1,1,0,0,0,0,0,0,0,0,0,0,0,0,1,0,0,0,1,0,0,0,1,0,0,3,7,1,36,88,1,0,0,0,0,0,0,104861,30000,12082,46000,71028,30000,0,0,0,1844,0,3500,15568,244,40,796,712,2091,,18396,대전광역시 동구,17583,11896,189185,192,92,1192,1476,0,0,0,0,289,219,591,925,2371,648,197,697,9074,2157,17168,70,119,17,193,35,75,33,67,511,53,1173,627,1072,157,1736,312,674,298,599,4603,476,10554,0,0,0,0,0,0,0,0,0,0,0,0,0,0,0,0,0,0,0,0,0,0,0,0,0,0,0,0,0,0,0,0,0,6,0,363,461,660,660,1034,4,4,102,0,0,0,3,402,0,0,2,72,0,0,0,0,0,0,0,0,0,0,0,0,0,0,0,0,0,0,0,149,0,0,0,0,0,14127,52714,,21,760,0,0,0,0,미설치,자료실내 코너,미설치,미운영,미운영,미운영,유,4401,33001,1036
179,전민도서관,공공(일반),대전,유성구,지자체,대전광역시 유성구,위탁,충남대학교 산학협력단,본관,2023,대전광역시 유성구 문지로299번길 18 (문지동),전민복합문화센터,042-389-0350,042-389-0359,https://lib.yuseong.go.kr/,오전 10시 ~ 오후 7시,"매주 월요일, 공휴일, 근로자의 날",,KDC,KORMARK,KORMARK,KCR4,KCR4,동양서저자기호 제5표,Cutter-Sanborn Table,2060125027,130031,0,0,0,0,0,0,0,0,1758,2051,841,4861,3026,2838,1578,1224,13339,2847,34363,47,15,7,44,44,17,9,550,742,21,1496,0,0,106,0,0,0,0,1681,0,0,0,0,0,0,48,1,4806,432,0,106,530,0,5,0,41,0,27,6,711.3,1455.69,800.11,227,34,1,4,유,바코드와 RFID 병행 적용,1,유,유(전임),비공무원,,,기타(직접입력),사서 6급 상당,유,1,5,6,0,0,0,0,0,0,0,0,0,0,1,0,1,79,97,2,2,0,1,1,6,0,0,122,496,6,100,214,6,0,0,0,0,0,0,349304,78251,440725,307100,116720,70000,0,0,0,8460,34410,38800,360215,294,54,159,24,525,,136413,대전광역시 유성구,44085,22748,300701,1532,555,6676,8763,26,0,3,29,876,450,462,1514,3291,1069,338,1859,11894,1796,23549,195,199,53,416,505,215,78,82,1807,309,3859,2665,3142,1314,7453,6985,4177,1825,3950,31875,4652,68038,0,0,0,0,0,0,0,0,222,0,222,0,0,0,0,0,0,0,0,0,0,0,0,0,0,0,0,0,0,0,15,0,15,10,0,779,736,4570,4570,473519,13,13,299,0,0,0,5,3309,5,619,11,4337,13,5262,0,0,0,0,0,0,0,0,10,0,15,47,0,136,31,0,0,483,0,0,93,0,0,12488,49193,,288,5139,68,0,1612,1000,자료실내 코너,자료실내 코너,자료실내 코너,미운영,운영,운영,유,27714,14316,2584
191,진잠도서관,공공(일반),대전,유성구,지자체,유성구청,직영,,본관,2010,대전광역시 유성구 진잠로160번길 19 (원내동),진잠도서관,042-611-6590,042-611-2799,https://lib.yuseong.go.kr/,08:00~22:00,"매주 월요일, 국경일",,KDC,KORMARC,KORMARC,KCR4,,동양서저자기호 제5표,Cutter-Sanborn Table,2060125021,130010,0,0,0,0,0,0,0,0,4262,4142,1552,12377,7448,5821,5305,2357,32807,6308,82379,62,1,2,272,52,9,35,495,2174,117,3219,6,0,2050,0,0,0,0,1681,0,0,0,0,0,0,51,0,3458,5,0,0,530,0,4,0,4452,0,27,8,1913,2590.82,887.12,280,38,10,10,유,RFID 시스템,2,유,유(전임),공무원,행정직,,6급,,무,0,2,2,0,1,0,0,0,0,2.5,2,5,0,0,0,4,119,192,3,3,0,0,0,2,0,0,8,24,2,64,186,2,0,0,0,69,138,6,422391,67211,203045,458400,53870,60000,0,0,0,8460,0,80000,163388,297,70,1284,805,9121,,124937,대전광역시 유성구,44085,22748,300701,1737,730,7624,10091,26,0,3,29,1172,439,248,2818,4820,1340,587,1463,17898,2816,33601,447,1073,274,1934,500,1173,533,245,5492,535,12206,2002,2864,843,6819,5111,3834,1723,1768,27461,3551,55976,0,0,0,0,0,0,0,0,222,0,222,0,0,0,0,0,0,0,0,0,0,0,0,0,0,0,0,0,0,0,15,0,15,8,0,12911,12547,26441,26441,4737936,7,7,120,0,0,0,6,215,5,956,11,922,7,3940,0,0,0,0,0,0,0,0,5,0,0,51,0,0,0,0,0,206,0,0,512,0,0,12488,49193,,568,14436,108,0,1118,0,자료실내 코너,자료실내 코너,자료실내 코너,미운영,미운영,미운영,유,67699,44307,1724
219,홍도도서관,공공(일반),대전,동구,지자체,대전광역시 동구청,직영,,본관,2009,대전광역시 동구 동산초교로34번길 56 (홍도동),홍도도서관(3~4층),042-259-7571,042-224-6190,https://www.donggu.go.kr/dg/lib,09:00 ~ 18:00,"토·일요일, 국가지정 공휴일",,KDC,KORMARC,KORMARC,,KCR4,동양서저자기호,Cutter-Sanborn,2060125016,130009,0,0,0,0,0,0,0,0,2190,2986,1015,9680,5206,3622,1798,2011,25212,5621,59341,0,0,0,0,0,0,0,0,0,0,0,0,0,584,0,0,0,0,0,0,0,0,0,0,0,13,0,2081,30,0,0,0,0,1,0,615,0,0,0,2209,932.08,618.1,80,44,4,3,유,RFID 시스템,2,유,무,,,,,,,0,1,1,0,0,0,0,0,0,0,0,0,0,1,0,0,0,0,0,1,0,0,0,1,0,1,5,16,1,19,63,1,0,0,0,0,0,0,139874,30000,3800,48000,70489,30000,0,0,0,1700,0,0,15484,244,45,1345,963,2491,,27633,대전광역시 동구,17583,11896,189185,305,106,1455,1866,0,0,0,0,1584,854,988,3756,6859,1598,419,2785,16620,5358,40821,38,129,19,274,31,115,27,12,503,69,1217,305,1047,158,2217,250,926,216,95,4072,555,9841,0,0,0,0,0,0,0,0,0,0,0,0,0,0,0,0,0,0,0,0,0,0,0,0,0,0,0,0,0,0,0,0,0,6,0,490,495,1499,1499,1034,14,14,193,0,0,0,5,302,0,0,0,0,0,0,0,0,0,0,0,0,0,0,0,0,0,0,0,0,0,0,0,67,0,0,0,0,0,14127,52714,,48,596,0,0,0,0,미설치,자료실내 코너,미설치,미운영,미운영,미운영,유,5171,35835,1236
227,가수원도서관,공공(일반),대전,서구,지자체,대전광역시 서구,직영,,본관,2000,대전광역시 서구 가수원로 91-11 (가수원동),가수원도서관,042-288-4770,042-288-5937,https://www.seogu.go.kr/learning/gasuwonlib/index.do,"(하계) 07:00~22:00, (동계) 08:00~22:00",월요일 및 국경일,,KDC 6판,통합KORMARC,통합KORMARC,KCR 4판,KCR 4판,동양서저자기호,CUTTER-SANBORN TABLE,2060125008,125010,1,500,4001,2,1,0,0,0,8480,8501,3264,25647,12081,11242,5689,5262,73395,12854,166415,168,6,1,54,205,13,1,1258,5104,178,6988,0,0,3815,0,0,0,4102,0,387,0,0,0,0,4,47,0,7433,279,0,0,805,0,2,0,6500,0,0,6,4887,3877,1315,591,80,12,21,유,RFID 시스템,6,유,유(전임),공무원,사서직,,6급,,유,1,2,3,0,1,1,0,0,0,1,1,2,1,2,1,7,65,146,6,14,0,1,1,4,0,0,4,32,3,54,230,3,0,0,0,47,138,3,731662,101210,637626,544304,201558,100800,0,1890,0,7632,17359,30420,150339,297,88,1217,1191,11167,,400012,대전광역시 서구,45815,27973,389563,1633,923,7824,10380,241,46,602,889,8292,752,346,2677,8770,2384,625,3150,34016,9724,70736,2319,296,85,2097,1787,748,127,543,5118,1026,14146,7218,6154,412,29451,16617,8778,1315,2153,74151,25138,171387,4,6,2,16,50,38,4,8,108,5,241,1,2,1,7,10,5,1,2,15,2,46,135,165,125,805,315,645,135,195,2075,225,4820,4,0,9528,10633,1040,1040,134883,20,20,417,0,0,0,10,2791,24,7145,14,1852,5,1070,0,0,0,0,0,0,0,0,0,0,1,0,0,8,0,0,0,967,0,0,0,0,0,20310,80949,,546,10230,170,0,4484,1000,미설치,자료실내 코너,미설치,운영,운영,운영,유,85232,73881,2194
260,아가랑도서관,공공(일반),대전,유성구,지자체,대전광역시 유성구 ,직영,,분관,2021,대전광역시 유성구 반석로 78 (반석동),아가랑도서관,042-611-6526,,https://lib.yuseong.go.kr,09:00~18:00,매주 일요일,노은도서관,한국십진분류(KDC),한국목록자동화목록형식(KORMARC),한국목록자동화목록형식(KORMARC),한국목록자동화목록형식(MARC),한국목록자동화목록형식(MARC),동양서 저자기호 제5표,커터샌본,2060125026,130029,0,0,0,0,0,0,0,0,868,891,230,2921,1458,1900,489,390,10336,1212,20695,6,0,0,63,8,4,1,611,200,0,893,10,0,0,0,0,0,0,1681,0,0,0,0,0,0,25,0,3131,20,0,0,530,0,25,0,684,0,27,0,609,995.61,605,90,21,2,2,유,바코드와 RFID 병행 적용,1,유,유(전임),공무원,사서직,,6급,,유,0,2.5,2.5,0,0,0,0,0,0,0,0,0,0,0,0,2,102,191,0,0,0,0,0,3,0,0,2,5,2,59,216,3,0,0,0,0,0,0,163079,53780,87136,157230,11029,50000,0,0,0,3780,0,12064,54902,295,54,1115,88,1899,,100920,대전광역시 유성구,44085,22748,300701,1217,288,3562,5067,1,0,0,1,1523,884,569,4304,4417,1273,562,1857,22103,2227,39719,139,106,33,321,322,137,66,167,1646,184,3121,2662,2868,993,11549,7067,3957,1265,3463,39460,3695,76979,0,0,0,0,0,0,0,0,1,0,1,0,0,0,0,0,0,0,0,0,0,0,0,0,0,0,0,0,0,0,0,0,0,0,0,0,0,3835,3835,473794,0,0,0,0,0,0,106,945,6,565,43,2698,8,696,0,0,0,0,0,0,0,0,0,0,0,0,0,0,0,0,0,138,0,0,0,0,0,12488,49193,,12,6786,0,0,19,0,미설치,자료실내 코너,미설치,미운영,미운영,미운영,무,44470,13537,2053
269,원신흥도서관,공공(일반),대전,유성구,지자체,대전광역시 유성구청,직영,,본관,2019,대전광역시 유성구 원신흥남로 59 (원신흥동),원신흥도서관,042-611-6970,042-611-2798,http://lib.yuseong.go.kr/,08:00~22:00,"매주 월요일, 공휴일",,KDC 6판,한국문헌자동화목록형식(통합서지용),,,,동양서 저자기호 제5표,Cutter Sanborn figure author table,2060125024,130026,0,0,0,0,0,0,0,0,1700,2805,922,8722,2694,4636,1857,2561,24360,4009,54266,204,234,106,102,1936,42,37,85,241,142,3129,0,0,0,0,0,0,0,1681,0,0,0,0,0,0,50,0,4745,336,0,0,530,0,7,0,1500,0,27,10,4782,3887.84,1179.16,257,32,4,13,유,RFID 시스템,2,유,유(전임),공무원,사서직,,6급,,유,0,4,4,0,0,0,0,0,0,1,0,1,0,2,2,6,772,490,8,9,0,0,0,5,0,1,12,38,4,74,189,4,0,0,0,16,26,1,491215,88460,214079,314789,261749,70000,0,0,0,8460,0,34160,163275,297,70,2544,1304,10753,,282572,대전광역시 유성구,44085,22748,300701,17954,4165,59953,82072,26,0,3,29,1397,1284,1466,5507,8686,2890,1101,4361,36156,5289,68137,244,434,115,1289,1210,838,213,402,5538,751,11034,3984,7189,3232,21962,15695,12288,3168,8174,83925,11965,171582,0,0,0,0,0,0,0,0,222,0,222,0,0,0,0,0,0,0,0,0,0,0,0,0,0,0,0,0,0,0,15,0,15,8,0,9577,8947,68226,68226,473794,11,11,145,0,0,0,0,0,19,6458,204,3409,13,610,0,0,0,0,0,0,0,0,6,0,0,60,0,0,267,0,0,0,0,0,0,0,0,12488,49193,,204,3644,0,0,4243,0,자료실내 코너,자료실내 코너,자료실내 코너,미운영,운영,미운영,유,126811,28264,2310
735,대전학생교육문화원,공공(일반),대전,중구,교육청,대전광역시교육청,직영,대전광역시교육청,본관,1988,대전광역시 중구 동서대로 1360 (목동),대전학생교육문화원,042-229-1470,042-229-1480,http://dsecc.djsch.kr,"어린이자료실 월/수/목/금/토/일 09:00~18:00
종합자료실 월/수/목/금 09:00~20:00, 토/일 09:00~18:00
책숲 월/수/목/금 09:00~22:00, 토/일 09:00~18:00
1216해봄 월/수/목/금/토/일 09:00~18:00
커뮤니티룸 월/수/목/금 09:00~21:00, 토/일 09:00~18:00","매주 화요일, 일요일을 제외한 법정 공휴일",,KDC 5,KORMARC,,KCR 4,,이재철 저자기호 2표,,2050125001,125002,2,6560,20069,0,0,0,0,0,3319,6348,1460,16239,9236,6716,4073,4139,66787,10201,128518,0,0,0,32,18,0,0,2146,4,0,2200,34,0,5663,0,0,250,22609,170000,586,0,1200,25,88,3,70,0,7237,1110,227,0,1438,0,7,26,8253,411,391,24,4500,4990.43,2698.54,401,107,1,51,유,바코드와 RFID 병행 적용,3,유,유(전임),공무원,행정직,,3급,,무,2,10,12,5,6,11,0,1,1,3,1,4,0,2,3,8,30,47,12,0,0,3,2,9,0,0,9,22,5,239,846,12,0,0,0,217,514,12,2958200,126000,933090,2983888,254757,111000,3000,0,1650,3230,39047,286782,678675,227,70,33692,20154,113413,,195106,대전광역시 중구,19121,12318,194206,1730,844,6121,8695,808,404,2830,4042,2134,1366,925,5968,8571,2877,988,5013,37701,6144,71687,349,509,87,1277,1101,642,210,316,6026,888,11405,4734,5866,1782,19402,18861,8249,2981,9332,79494,11177,161878,76,51,26,206,308,102,26,179,1357,230,2561,13,17,4,48,43,25,8,13,233,35,439,170,211,64,699,679,297,107,335,2861,402,5825,1,0,416,171,17,17,44650,45,68,598,0,0,0,300,18732,5,448,21,7052,65,38709,10,274,5,448,0,0,0,0,6,0,0,59,0,0,974,0,0,1314,0,0,206,0,0,13625,55091,,846,1698,1346,2097,2453,9840,자료실내 코너,자료실내 코너,자료실내 코너,미운영,미운영,운영,유,59715,58386,3986
919,대전광역시한밭도서관,공공(일반),대전,중구,지자체,대전광역시,직영,대전광역시청,본관,1989,대전광역시 중구 서문로 10 (문화동),(한밭도서관),042-270-7420,042-270-7469,https://www.daejeon.go.kr/hanbatlibrary,"06:00~23:00(하절기), 07:00~23:00(동절기)","매주 월요일, 1월 1일, 설날, 추석당일",,KDC 6판,통합KOMARC,통합KOMARC,KCR 4판,KCR 4판,동양서저자기호표,cutter sanborn Table,2060125001,125003,2,72212,4675,3,1,0,0,0,51300,49959,33099,193819,50210,99969,54440,31862,256499,73099,894256,1772,1410,758,6933,1656,3068,1189,1056,12173,3981,33996,5139,4298,65970,239,0,257,17405,100000,586,0,0,10111,1288,0,465,17,18803,1745,551,96,1438,0,10,0,11379,4,0,27,16151,22518,8745.37,1469,118,40,118,유,바코드와 RFID 병행 적용,10,유,유(전임),공무원,사서직,,4급,,유,6,25,32,3,4,7,1,1,2,9,3,13,2,3,9,11,128,247,45,50,0,2,8,25,0,2,141,558,30,662,3647,31,4,27,3,511,1438,21,4273469,465070,4500364,3971765,1341412,284800,6250,48000,31250,58490,567768,135337,1795457,103,70,4462,17585,278447,,384830,대전광역시 중구,19121,12318,194206,1371,939,9545,11855,366,2199,15761,18326,2415,1214,923,4773,7684,2083,2468,1517,23775,4422,51274,564,800,228,1542,1165,758,1436,310,5831,945,13579,8267,11034,4905,26763,12764,11962,11190,5560,74964,11496,178905,163,125,81,346,805,194,257,152,2184,333,4640,835,1353,651,3493,2859,1610,2363,1028,12223,1421,27836,8501,11272,4962,27296,13164,13499,15527,8138,86198,10936,199493,0,0,17,87,19342,19342,2598875,9,9,217,0,0,0,10,5298,5,18375,13,3797,8,3986,0,0,0,0,1,87,0,0,5,5,17,44,39,155,8592,30186,3398,1229,0,0,19946,0,0,13625,55091,,638,4981,984,13794,3612,7715,별도 자료실,자료실내 코너,별도 자료실,운영,운영,운영,유,27163,138522,4042
991,대전광역시동대전도서관,공공(일반),대전,동구,지자체,대전광역시,직영,,분관,2025,대전광역시 동구 우암로277번길 70 (가양동),동대전도서관,042-270-7553,042-270-7559,https://www.daejeon.go.kr/ddj,"월~목, 토~일 09:00~18:00 (종합자료실, 청소년자료실 월~목 09:00~20:00)","매주 금요일, 일요일을 제외한 관공서의 공휴일",대전광역시한밭도서관,KDC 6판,통합KORMARC,통합KORMARC,KCR 4판,KCR 4판,동양서저자기호표 ,Cutter-Sanborn Table,2060125031,130032,0,0,0,0,0,0,0,0,2078,1936,490,6627,4536,3489,2836,909,25260,3126,51287,2,1,0,66,0,1,8,70,66,0,214,0,0,0,0,0,30,17405,100000,586,0,0,10111,1288,10,83,0,10642,0,0,0,100000,0,83,0,0,0,0,0,5358.8,7354.33,4060.84,573,155,5,53,유,바코드와 RFID 병행 적용,9,유,유(전임),공무원,사서직,,5급,,유,1,6,6,1,0,1,1,0,1,1,0,2,1,6,4,6,0,0,10,13,0,0,2,12,0,0,17,77,7,174,542,7,0,0,0,99,205,3,1322302,232238,583145,735512,747856,150000,0,76900,12156,10000,61600,70300,577826,203,62,842,248,2100,,135957,대전광역시 동구,17583,11896,189185,6924,2114,24092,33130,4134,1262,14384,19780,1429,1199,817,7125,10141,2899,2337,2484,42641,5355,76427,286,453,89,981,756,1470,639,70,16193,618,21555,713,2890,458,6683,1027,3622,1269,898,13070,1991,32621,1895,3107,839,10159,2659,3017,1112,1823,17004,4598,46213,535,876,237,2865,750,851,314,514,4796,1297,13035,809,1326,358,4336,1135,1288,475,778,7258,1961,19724,0,0,12,0,14779,14779,121514,97,97,2083,0,0,0,3,508,6,29801,6,1488,7,9340,0,0,0,0,0,0,0,0,0,0,1,0,0,5,0,0,0,257,0,0,0,0,0,14127,52714,,0,0,0,0,0,0,자료실내 코너,자료실내 코너,미설치,미운영,미운영,미운영,유,37287,31682,3721
1112,대전광역시 동구 가오도서관,공공(일반),대전,동구,지자체,대전광역시 동구청,직영,동구청,본관,1996,대전광역시 동구 동구청로 147 (가오동),"가오동, 동구청",042-259-7051,042-224-6171,https://www.donggu.go.kr/dg/lib,08:00~22:00,"월요일, 공휴일",,KDC 제6판,KORMARC,KORMARC,KCR4,,동양서저자기호,Cutter-Sanborn Three-figure Author Table,2060125004,125008,2,1092,4532,0,0,0,0,0,4982,6301,2786,18744,10038,8178,5358,4769,57497,10751,129404,2,0,0,2,0,0,2,522,230,1,759,50,0,3565,0,0,0,0,0,0,0,0,0,0,3,48,0,6883,110,34,0,3,0,23,0,3555,107,0,0,22767,2635.93,1323.02,194,43,2,17,유,RFID 시스템,4,유,유(전임),공무원,사서직,,6급,,유,1,4,6,0,1,0,0,0,0,0,0,0,0,2,0,0,0,0,3,0,0,0,1,6,0,1,4,9,2,169,531,5,0,0,0,29,85,1,377283,115978,171628,327422,100135,106000,783,0,1217,3898,23917,100140,35894,298,78,11451,5859,20792,,151694,대전광역시 동구,17583,11896,189185,1122,671,5244,7037,0,0,704,704,3711,2087,2342,11315,19550,4930,2071,7005,68931,10726,132668,210,644,151,1492,341,845,349,213,4194,392,8831,1407,4315,1015,9986,2283,5660,2337,1430,28072,2626,59131,0,0,0,0,0,0,0,0,0,0,0,0,0,0,0,0,0,0,0,0,0,0,0,0,0,0,0,0,704,0,0,0,704,6,0,869,749,2265,2265,15688,28,28,421,0,0,0,0,0,6,3640,17,1540,8,7627,0,0,0,0,0,0,0,0,0,0,1,0,0,12,0,0,0,1164,0,0,0,0,0,14127,52714,,144,6508,0,0,0,0,자료실내 코너,미설치,미설치,미운영,미운영,미운영,유,53448,57222,3085
1113,대전광역시 동구 용운도서관,공공(일반),대전,동구,지자체,대전광역시 동구,직영,,본관,1994,대전광역시 동구 새울로68번길 23-23 (용운동),새울로 68번길 23-23,042-259-7021,042-284-6220,https://www.donggu.go.kr/dg/lib/contents/640,08:00-22:00,"매주 월요일,국경일",,KDC6판,KORMARC,KORMARC,KCR4,,국립중앙도서관 동양서저자기호표,Cutter-Sanborn,2060125002,125006,1,575,2610,1,2,71432,12093,0,4115,7180,2675,20088,8605,9432,5674,3392,52846,10725,124732,49,0,2,72,193,4,5,356,390,4,1075,30,0,4388,0,0,0,0,0,0,0,0,0,0,3,29,0,6158,18,42,0,0,0,26,3,5129,544,0,0,2134,2467,903.66,233,56,15,21,유,RFID 시스템,3,유,유(전임),공무원,사서직,,6급,,유,0,4,4,1,0,1,0,0,0,1,0,2,0,2,2,0,0,0,5,5,0,0,0,6,0,0,0,0,0,85,430,4,0,0,0,55,197,2,379700,14739,473424,344599,114406,10000,986,0,1014,3670,31539,36404,472473,261,70,15330,5464,32407,,105086,대전광역시 동구,17583,11896,189185,752,403,3538,4693,0,0,361,361,532,592,410,2500,3895,1241,470,1129,12052,2304,25125,137,192,84,545,711,318,170,175,2945,471,5748,1805,3169,1153,10800,6912,4421,1872,2573,34738,5914,73357,0,0,0,0,0,0,0,0,0,0,0,0,0,0,0,0,0,0,0,0,0,0,0,0,0,0,0,0,361,0,0,0,361,6,0,294,842,2055,2055,21894,6,6,111,0,0,0,190,2057,22,1583,149,6429,31,1148,0,0,0,0,0,0,0,0,2,2,0,14,24,0,0,0,0,1929,0,0,0,0,0,14127,52714,,19,1435,0,0,18566,0,자료실내 코너,별도 자료실,자료실내 코너,미운영,운영,미운영,유,37908,50989,3328
1114,대전광역시 동구 판암도서관,공공(일반),대전,동구,지자체,대전광역시 동구,직영,동구청,분관,2004,대전광역시 동구 옥천로180번길 20 (판암동),옥천로 180번길 20(판암동),042-259-7071,,https://www.donggu.go.kr/dg/lib,09:00 ~ 18:00,"월요일, 국경일",대전동구가오도서관,KDC6판,KCR4,AACR2,KCR4,AACR2,동양서저자기호표,커터샌본,2060125005,130004,0,0,0,0,0,0,0,0,1370,1892,605,5386,3082,2164,1192,1237,16814,3046,36788,0,0,0,0,0,1,0,531,13,0,545,3,0,981,0,0,0,0,0,0,0,0,0,0,0,10,0,1271,5,0,0,0,0,0,0,500,0,0,0,355.2,468.72,356,73,19,1,20,유,RFID 시스템,1,유,유(전임),공무원,사서직,,6급,,유,0,1,1,0,0,0,0,0,0,0,0,0,0,0,1,1,0,0,2,0,0,0,0,0,0,1,0,0,0,0,0,0,0,0,0,0,0,0,107406,20968,20259,57616,48088,20000,0,0,0,1090,0,0,24689,298,54,2412,1182,3146,,22795,대전광역시 동구,17583,11896,189185,172,105,1232,1509,0,0,0,0,79,90,88,185,470,88,19,168,1837,367,3391,29,41,10,102,109,37,10,50,544,65,997,512,1203,455,1761,1376,810,155,494,6985,1293,15044,0,0,0,0,0,0,0,0,0,0,0,0,0,0,0,0,0,0,0,0,0,0,0,0,0,0,0,0,0,0,0,0,0,6,0,819,216,545,545,2758,54,27,569,0,0,0,0,0,0,0,0,0,0,0,0,0,0,0,0,0,0,0,0,0,0,0,0,0,0,0,0,150,0,0,0,0,0,14127,52714,,157,1485,0,0,0,0,미설치,자료실내 코너,미설치,미운영,미운영,미운영,유,5992,18253,355
1143,대전광역시 동구 무지개도서관,공공(일반),대전,동구,지자체,대전광역시 동구,직영,대전광역시 동구청,분관,2010,대전광역시 동구 동부로 56-22 (판암동),무지개도서관,042-259-7041,042-286-6195,https://www.donggu.go.kr,09:00-18:00,"매주 일요일, 국가공휴일",대전동구용운도서관,KDC 제6판,,,KCR 제6판,KCR 제6판,국립중앙도서관 저자기호표,Cutter-Sanborn,2060125018,143064,0,0,0,0,0,0,0,0,1006,1541,486,4760,2771,2408,1212,802,15263,2797,33046,1954,223,161,5496,2274,459,646,1799,17751,1050,31813,0,0,2137,0,0,0,0,0,0,0,0,0,0,0,11,0,3437,6,29,0,0,0,1,0,2056,0,0,1,107.46,511.02,457,71,33,4,6,유,RFID 시스템,2,유,유(전임),공무원,사서직,,6급,,유,1,0,1,0,0,0,0,0,0,0,0,0,0,1,0,2,0,0,2,0,0,0,1,1,0,0,3,25,1,27,60,1,0,0,0,0,0,0,142924,52470,59308,85000,45649,40000,500,0,0,1583,0,19280,66190,295,54,362,585,4286,,30447,대전광역시 동구,17583,11896,189185,425,99,1163,1687,0,0,0,0,1231,594,953,11718,6441,1442,1492,5352,58706,3808,91737,18,49,6,104,19,65,10,13,195,27,506,121,325,42,696,124,435,63,89,1307,183,3385,0,0,0,0,0,0,0,0,0,0,0,0,0,0,0,0,0,0,0,0,0,0,0,0,0,0,0,0,0,0,0,0,0,6,0,375,606,2876,2876,862,0,0,0,0,0,0,7,950,0,0,4,333,2,300,0,0,0,0,0,0,0,0,1,0,0,7,0,0,169,0,0,0,0,0,0,0,0,14127,52714,,66,4182,0,330,0,0,자료실내 코너,미설치,미설치,미운영,미운영,미운영,유,25338,55631,3158
1244,산성어린이도서관,공공(어린이),대전,중구,교육청,대전광역시교육청,직영,,분관,2023,대전광역시 중구 산서로62번길 53 (사정동),산성어린이도서관,042-220-0700,042-220-0799,https://sslib.djsch.kr/,"영어누리 및 산성책뜰, 새싹누리, 꿈누리 09:00~18:00",매주 화요일과 일요일을 제외한 관공서의 공휴일,대전학생교육문화원,KDC 5판,KORMARC,,KCR4,,이재철 저자기호 2표,,2050825001,125001,0,0,0,0,0,0,0,0,2486,2498,1157,10453,7318,3458,1702,1418,34823,5183,70496,82,11,14,200,440,33,26,7370,7155,184,15515,45,0,1816,0,0,250,17405,170000,586,0,0,0,0,0,46,1,7364,609,156,0,1438,0,6,22,2552,12,391,21,3215,2318.55,1591.15,302,,2,13,유,바코드와 RFID 병행 적용,4,유,유(전임),공무원,사서직,,5급,,유,2,7,9,0,1,1,0,0,0,3.5,0,5.5,0,1,1,4,0,0,10,8,0,1,1,7,1,0,14,59,5,165,685,8,0,0,0,48,174,2,822233,112940,118760,600137,277811,105000,1480,0,0,4620,18839,78992,67722,298,54,26909,1560,78439,1048,264213,대전광역시 중구,19121,12318,194206,2082,275,4636,6993,1140,152,2507,3799,1970,1645,1353,7976,14170,2861,801,11045,55815,7524,105160,143,65,25,302,596,139,47,605,3638,448,6008,3623,3070,2264,20012,24690,4884,1559,18138,93801,11327,183368,55,46,38,225,399,81,23,311,1572,212,2962,4,2,0,8,17,4,1,17,101,12,166,102,86,64,564,696,137,44,512,2644,319,5168,2,0,152,410,9,9,25730,81,142,1432,0,0,0,4,344,8,628,49,10439,67,24158,0,0,0,0,0,0,0,0,0,0,0,0,0,0,872,0,0,345,0,0,111,0,0,13625,55091,,1123,7500,38,9912,800,0,자료실내 코너,자료실내 코너,자료실내 코너,운영,미운영,미운영,,,,
1245,서구어린이도서관,공공(어린이),대전,서구,지자체,대전광역시 서구청,직영,서구 평생학습원,본관,2008,대전광역시 서구 정림동로 25 (정림동),서구어린이도서관,042-288-4830,042-288-5939,http://www.seogu.go.kr/learning/childlib/index.do,09:00~18:00,"매주 금요일, 법정공휴일",,KDC,kormarc,kormarc,,KCR,국립중앙도서관동양서저자기호,Cutter-Sanborn Table,2020125001,130007,0,0,0,0,0,0,0,0,3081,1296,619,8131,7990,1662,1154,1822,34957,5457,66169,3,0,0,68,32,5,4,1360,1214,7,2693,0,0,622,320,0,0,4102,0,387,0,0,0,0,4,21,0,2984,21,22,0,805,0,3,0,3000,2861,0,9,859.5,560,488.08,150,,0,3,유,RFID 시스템,3,유,유(전임),공무원,사서직,,6급,,유,0,2,2,0,0,0,0,0,0,0,1,1,0,0,0,4,41,32,3,2,0,0,0,2,0,0,2,4,1,27,96,2,0,0,0,24,48,1,230773,59793,350842,204114,131445,48000,2789,0,0,6840,17359,32130,150340,297,54,761,510,2319,750,126590,대전광역시 서구,45815,27973,389563,859,135,1762,2756,241,46,602,889,850,311,751,2709,5317,1018,310,998,18650,2766,33680,222,72,46,306,705,233,89,60,4364,486,6583,1951,686,924,6119,8091,1876,595,2026,34552,4972,61792,4,6,2,16,50,38,4,8,108,5,241,1,2,1,7,10,5,1,2,15,2,46,135,165,125,805,315,645,135,195,2171,225,4916,5,0,266,481,12837,12837,20354,68,68,2914,0,0,0,2,165,4,48,12,2638,17,2565,0,0,0,0,0,0,3,157,0,0,0,0,0,0,0,0,0,0,0,0,0,0,0,20310,80949,,253,3391,154,0,0,1200,미설치,미설치,미설치,미운영,미운영,운영,,,,
